dt_abertura,pk_data
30/07/2010,1
01/06/1995,3510
04/04/1996,9
27/07/2010,11816
14/10/1994,16
27/10/1995,18
22/12/2009,13196
25/06/1982,22
29/10/1986,13454
15/03/2012,3314
24/04/2003,28
02/02/1996,9906
16/09/1991,10236
14/02/2005,35
29/03/2012,38
03/10/2008,12255
23/05/1997,12748
01/06/1971,12920
05/01/2001,51
14/11/1973,54
06/01/2006,58
08/02/2000,13206
12/02/1996,62
19/07/1993,13323
30/06/2009,66
05/01/1978,13439
11/08/1983,71
18/09/1980,14505
30/07/2007,14703
24/03/1988,78
28/05/2008,3385
20/05/1997,83
11/08/1997,85
20/02/1975,87
11/12/2009,6643
20/06/1990,8423
31/03/2004,95
07/12/1994,9571
12/12/2008,99
25/08/2009,102
16/08/1978,105
23/08/1995,9902
21/09/2009,111
21/10/1983,10088
09/01/1973,116
17/10/1979,10361
07/06/2001,120
01/08/1986,10717
28/11/2002,125
07/07/1966,11107
03/05/1993,131
15/12/1999,11314
21/11/2007,11469
07/02/2007,138
14/03/1989,12014
17/11/1981,12361
23/01/1979,12467
02/01/1992,146
05/02/1981,149
31/10/1983,152
22/03/1995,12684
20/04/2011,12768
11/09/1992,160
20/05/2010,162
09/10/1998,12902
25/06/1997,12928
14/05/2004,13000
22/11/1988,170
13/12/1985,172
22/11/2001,175
13/04/1983,177
27/12/1977,13170
14/11/2007,181
09/11/2007,13208
11/09/2002,185
03/12/2002,187
18/11/1992,189
06/06/1980,13337
29/12/2011,13369
20/06/1986,195
31/12/1965,198
04/10/1982,200
11/01/1983,202
30/05/1984,204
26/07/2006,206
24/03/1994,13611
18/02/2002,210
28/09/1980,13823
24/03/2008,214
30/01/2008,13977
27/04/1998,14174
21/09/1989,220
25/03/2002,222
25/07/1985,14472
20/09/1989,14519
30/11/1994,228
06/12/2001,14899
02/05/2011,233
21/08/1979,15259
26/08/2011,3360
16/09/1997,3436
17/01/2012,241
02/12/2002,244
21/03/2011,246
15/08/2001,4624
26/10/2005,6384
12/05/1992,7125
05/01/2005,8165
14/05/2009,256
22/04/1999,8795
01/06/2012,260
16/12/1992,9347
23/08/2012,9336
01/12/2009,265
16/08/2006,268
16/07/1997,270
03/09/1999,272
05/10/1999,9715
08/03/2001,13389
10/05/2005,9849
19/02/2004,280
23/08/1996,282
25/04/1995,9946
25/10/1994,287
11/01/1982,289
16/03/2007,10117
05/05/2011,293
18/09/2000,295
03/01/2002,297
16/04/1992,299
09/07/1969,10397
16/11/1979,10486
15/12/1988,305
20/09/2010,307
22/03/2006,309
20/05/1986,10649
19/01/1978,10681
08/11/1983,10697
24/11/2011,317
14/05/1998,319
16/03/2000,10906
03/08/1995,11051
05/01/2006,326
23/02/1976,11120
23/09/1996,11225
31/01/1973,332
08/02/2008,334
28/05/2007,336
09/01/2001,11363
28/04/1988,11424
24/03/1997,11453
17/07/1967,11546
29/07/2004,11647
27/10/2006,349
23/06/1988,351
03/05/1988,353
15/02/2007,355
24/02/2003,11715
06/06/2000,11842
15/08/2012,362
08/10/1985,11802
03/04/2012,365
23/10/1986,12337
23/06/2006,369
21/08/1992,12418
08/05/1979,373
11/07/1983,375
12/11/1976,377
30/07/1975,379
29/05/1985,381
05/09/1989,383
13/08/1982,386
31/10/1986,388
19/02/2009,12562
22/03/1993,12668
25/11/1994,12696
27/02/1985,396
28/09/1976,398
12/12/1978,400
26/08/1986,402
10/11/1982,404
06/01/1986,406
18/06/1987,12867
11/12/2000,12875
14/10/1993,412
08/10/1991,414
10/05/1994,416
13/08/1990,418
20/05/1993,420
25/02/1987,422
21/02/1994,424
26/02/1992,426
07/12/1992,428
31/10/1980,430
29/07/1980,432
04/12/1991,434
10/07/1989,436
13/02/1981,12977
10/05/1993,440
04/12/1986,442
09/11/1999,12993
10/04/1974,446
17/10/1983,448
01/10/1979,450
12/08/1999,13052
23/01/1991,454
27/01/1971,456
17/09/1997,13091
05/06/1992,460
02/09/1987,462
17/05/1977,464
18/02/1983,466
18/09/2009,13149
04/10/1978,470
01/08/1984,472
02/12/1986,474
22/12/1981,476
20/06/1977,226
20/12/1988,479
04/04/1986,481
09/11/1989,483
19/08/1982,485
25/01/1982,487
27/11/1979,489
26/09/1988,491
17/07/1989,493
22/07/1976,13320
25/09/1969,13331
28/05/1987,13333
10/10/1985,501
15/01/2007,13366
28/08/1984,505
09/11/1993,507
22/02/1979,509
01/12/1986,511
24/02/1983,13449
25/11/1993,515
19/01/1994,517
02/12/1993,519
02/07/1987,521
30/10/1989,13585
08/11/1993,525
05/05/2010,13665
14/11/1977,529
12/03/1984,531
07/05/1992,533
29/10/1979,13755
12/12/1988,13780
18/06/1973,539
26/02/1981,541
03/05/2007,13846
25/10/1978,545
01/07/1993,547
12/06/1987,549
25/04/2008,13950
06/07/1989,553
01/12/1992,555
10/04/1997,557
22/08/1990,559
09/03/1981,561
01/04/2005,563
29/02/1984,565
06/04/1990,567
27/02/1980,569
03/04/2002,14140
13/09/1996,573
22/02/1985,575
23/09/1985,577
22/05/1998,579
21/10/1997,14217
23/10/2008,583
13/07/2010,585
19/02/2002,587
28/06/2000,589
17/08/1970,14694
30/03/1995,593
18/03/1985,14705
02/01/2011,14763
11/04/2007,14818
12/03/1987,14912
29/09/1975,14992
17/04/2012,607
13/08/1976,15075
08/11/2008,15168
13/11/2011,15232
01/06/1970,615
23/06/2011,618
09/02/2012,33
28/05/2010,44
09/06/2011,1682
22/12/2010,3232
09/11/2000,3291
06/04/1993,629
12/11/2008,631
13/04/2011,3370
27/01/2000,635
09/07/2002,3496
29/06/1979,3506
14/04/1997,643
26/08/1966,3629
01/10/1991,3699
14/08/2011,3805
07/07/2009,3863
28/04/2008,3995
28/06/2011,655
03/06/1991,657
17/01/2006,659
11/08/1994,4467
20/07/1999,4508
15/10/2010,665
09/07/2007,667
16/01/2001,1475
18/07/2011,5213
01/01/1976,5357
21/11/1996,5384
29/06/2009,677
02/10/2006,6144
31/01/1996,681
18/08/1993,683
29/01/2007,6623
25/05/2011,6841
08/01/1979,14681
19/05/2004,6967
12/03/2012,692
28/04/2011,8100
06/07/2010,696
29/10/1992,8410
06/09/1966,700
04/03/1994,8603
03/08/2009,704
28/05/1996,8860
05/12/2011,8937
10/03/1978,9092
09/06/2010,9155
28/01/2008,715
27/05/1983,9201
08/02/1968,9211
06/05/2006,9214
25/11/2008,9255
24/06/1999,9266
27/07/1990,9270
24/03/2005,728
22/01/1993,730
19/08/1991,732
25/07/1977,734
25/07/2001,736
14/10/2004,738
27/12/2001,9415
26/03/2001,742
25/02/1986,744
01/09/2009,746
12/11/1987,9502
22/05/2007,751
17/10/1994,753
04/08/1995,755
19/06/1984,9590
28/02/2007,9623
25/10/2004,9666
17/06/1987,9713
26/06/2008,9718
11/04/1988,9765
17/07/1979,769
19/01/1995,771
20/12/1996,9747
28/11/1995,9785
27/08/1986,468
04/04/2005,777
26/05/2004,779
17/01/2003,781
24/05/2004,783
08/07/1997,14297
17/09/2012,786
26/09/1994,9920
18/08/1998,791
21/09/1998,10033
31/08/2005,795
09/01/2004,797
01/08/2012,799
27/10/1999,801
16/01/1999,804
17/12/2003,806
26/05/2003,808
22/04/1998,810
05/10/2004,812
17/09/2008,10200
03/07/1987,816
20/07/1988,10251
01/11/1990,408
26/01/2005,10317
20/09/1993,10340
14/08/2002,825
12/03/1981,10372
30/08/2012,830
22/01/2001,832
13/11/1997,10419
05/10/2001,836
03/02/2004,10459
30/11/1988,12922
06/01/1988,10468
17/06/1996,844
11/06/2010,128
19/03/2011,847
13/04/2009,849
22/03/1988,851
08/09/1986,10505
13/09/2000,855
07/11/1996,10553
17/05/2000,10560
17/06/1974,861
22/07/2003,863
26/06/2001,865
28/12/2009,867
15/07/1988,10640
05/07/2007,871
06/05/1998,10675
05/03/1993,875
06/05/2010,877
10/11/1999,879
10/11/1983,881
12/09/1996,884
20/12/2002,10744
15/05/2007,10767
22/06/1977,6284
19/04/2010,892
22/03/1989,894
01/12/2006,896
03/02/1997,898
01/07/2010,900
13/10/1994,902
17/08/1990,904
28/10/2010,906
17/12/2001,908
11/03/1982,910
20/04/2007,912
19/11/2004,10923
26/04/2005,916
29/08/2001,918
04/03/1996,11025
20/07/2000,922
20/07/1976,11094
21/01/2002,926
04/06/1975,11116
06/07/1992,11124
03/09/1992,11133
02/08/1995,11168
13/03/2007,936
03/09/1991,938
22/09/2004,940
15/09/1988,11230
09/12/1991,11242
17/03/2003,11250
04/07/1989,948
28/12/1989,11272
07/10/1977,953
09/08/2000,11293
01/08/1997,957
23/08/2006,11322
30/07/1982,961
06/05/1988,963
04/06/1981,11369
21/03/1977,11390
27/11/1967,11408
25/05/1981,971
22/09/1989,11443
01/03/2011,975
01/04/1994,977
26/04/2012,11496
14/07/1987,11510
16/04/1980,11556
08/05/2006,985
11/03/1991,987
29/08/1973,989
11/12/1990,991
21/01/1971,993
29/01/1991,995
03/12/1975,11611
29/04/1983,999
17/05/1988,1001
06/04/1983,1003
28/04/1981,1005
20/09/1971,1007
14/08/1986,1009
04/06/1992,1011
24/05/1977,1013
06/09/1990,1015
19/09/1984,1017
02/05/1992,1019
01/03/1977,1021
27/03/1992,1023
16/01/2004,11684
06/08/1986,1027
06/10/1976,1029
01/03/1989,1031
08/05/1992,1033
18/02/1981,1035
07/08/1991,1037
03/01/2008,13189
06/06/1989,11789
15/07/1991,1042
17/01/1986,1044
11/05/1993,1046
11/08/2009,1048
23/04/1976,11865
13/02/2001,1053
09/09/1986,11884
07/10/1994,11900
19/12/1989,11917
17/03/2000,11956
08/01/1982,12008
01/10/1973,12018
11/05/2009,1068
26/08/2009,1070
22/08/1986,12039
08/11/1979,12045
24/09/1990,12059
08/11/2010,12096
02/08/2012,1081
19/03/2012,262
03/03/2008,1084
31/10/2006,12251
12/04/2007,1088
03/09/1968,12289
14/12/1992,12307
12/02/1998,1094
29/09/1993,12340
23/11/1977,12359
15/04/1996,1055
04/02/1994,11999
22/12/1987,1102
21/01/1992,12370
04/03/2002,1106
31/07/2008,1108
20/09/1996,1110
06/09/1996,1112
30/10/1992,1114
19/08/2002,1116
02/12/1987,1118
29/06/2005,12442
26/10/1999,237
13/09/2011,1123
21/01/1994,1126
06/01/2003,1128
19/08/2011,1130
18/09/2011,1133
02/12/2010,1135
27/12/1988,12510
29/09/1986,12531
30/01/1998,1142
23/08/1990,12539
24/04/2008,1147
23/10/1998,12659
16/08/2000,12678
05/08/1977,12694
15/07/2006,1155
09/10/2000,12722
29/03/2005,1159
31/01/2007,1161
03/11/2004,1163
03/08/1982,12787
27/09/2011,1167
21/08/1967,12857
16/02/1993,1171
31/12/1970,1173
02/08/1988,12869
17/03/1970,1177
26/09/1997,1179
18/11/1985,1181
03/08/1978,1183
23/02/1984,1185
05/07/2005,12906
06/01/1975,12914
07/12/1988,1191
06/08/1990,1193
19/09/1983,1195
08/01/1988,1197
31/07/1986,1199
08/08/1985,1201
01/10/1978,1203
08/12/1980,1205
27/05/1992,1207
03/01/2001,12964
05/08/1987,1211
23/04/1993,1213
29/12/1993,1215
22/06/1993,410
27/09/1966,1218
04/02/1992,1220
23/09/1986,193
21/05/1982,1223
22/10/1991,1225
28/06/1968,1227
09/12/1997,13012
27/11/1970,1231
04/05/1993,1233
03/07/2006,13040
02/11/1988,1237
26/03/1976,1239
03/04/1975,1241
30/03/1988,108
25/11/2004,13073
28/01/1986,1246
01/08/1978,1248
20/12/1985,1250
14/02/1989,1252
09/12/1980,1254
22/11/1977,1256
11/11/1976,1258
07/12/2001,13137
26/07/1977,1262
18/04/1986,1264
23/01/1985,1266
28/07/1986,1268
11/07/1978,1270
30/07/1984,1272
29/01/1990,13168
12/02/1990,997
13/07/2000,13180
18/05/1979,1279
17/01/1990,1274
17/03/2005,1282
23/02/1967,1284
02/06/1992,1286
26/03/1991,1288
31/01/2002,13235
12/12/1991,13249
18/04/1991,1294
26/03/1973,1296
07/01/1977,1298
19/08/1981,13312
26/04/1993,1302
04/08/1982,13318
06/08/1991,1306
18/04/1990,1308
13/06/1991,1310
31/07/1980,1312
28/02/1982,1314
01/11/1973,1316
05/06/1991,1318
14/08/1979,1320
24/12/1981,1322
01/09/1987,1324
09/10/1980,1326
22/02/1989,13391
31/05/2005,1330
09/12/1996,1332
25/06/2002,2839
02/06/1969,13427
08/12/1994,10727
26/04/1996,1338
27/01/1988,13451
29/01/1987,13462
20/09/1983,13471
26/08/1996,1346
17/05/2001,1348
23/08/1994,13583
09/05/1995,13590
18/04/2001,13615
08/07/2010,1357
09/12/1976,13648
05/10/2006,13698
10/06/2011,1363
18/03/1991,9749
23/08/1999,1366
27/09/2001,13749
18/11/2008,1370
01/10/2008,14999
06/05/1982,1373
28/05/2012,2434
10/09/2012,1376
20/01/1983,13782
28/09/2009,1380
02/07/2011,1382
12/02/2001,13832
29/01/2010,13827
01/02/1995,1387
27/07/1998,1389
05/04/1997,1391
14/09/2012,649
03/07/1991,13855
11/08/1967,13884
09/10/1987,13888
25/08/1992,13906
03/02/1971,13966
26/06/2012,1403
17/06/1992,1405
13/02/2007,1407
21/05/2009,1409
16/08/1983,14018
01/06/2004,1413
06/08/1998,14042
19/03/2004,14080
01/09/2010,1419
05/01/2010,1421
21/10/1999,8921
27/10/2011,1424
18/11/2009,14160
10/07/1986,14148
07/02/2000,1429
21/10/2010,168
16/09/2006,13835
11/09/1998,8024
20/03/1987,14181
20/09/1984,14190
11/04/1986,1438
04/06/1999,1440
13/02/1970,10557
03/02/1986,1443
13/11/1992,1445
29/03/1994,158
08/10/2002,14270
01/10/2004,14288
22/02/1994,1453
17/09/2002,14366
15/03/2006,14348
09/07/2004,1458
20/06/2002,1460
22/04/2002,1462
07/11/2006,11445
17/11/2008,1465
21/09/1993,14488
02/02/2000,1469
20/06/1997,1471
21/06/1999,14564
25/05/2009,14581
23/03/1994,14612
18/07/1985,1479
27/12/1996,3917
08/04/1990,12346
06/04/2009,14642
05/03/1996,1485
09/04/1970,14661
14/03/2007,1489
17/03/2004,1491
04/01/2010,1493
05/02/2007,1495
26/08/1970,1497
16/08/2007,1499
28/10/1999,1501
20/07/1998,1503
09/12/1998,1505
03/05/2012,1507
05/04/2000,1508
09/03/1976,14727
27/12/2000,1512
20/04/2009,14774
02/10/1992,1516
04/06/1974,1518
15/05/1997,14806
30/12/2009,1522
10/03/1998,1524
13/07/2007,1526
13/11/1991,14855
23/12/1982,14888
17/06/1988,1532
16/08/2002,14906
06/03/1974,14919
07/10/2002,1538
01/12/2000,1540
26/04/1994,14943
18/03/1996,14938
26/09/2012,1545
12/01/1973,14962
13/11/1996,1549
15/12/1998,1551
23/09/1970,1553
30/10/1997,1555
22/11/1999,1557
23/08/2000,15017
21/06/1996,15039
05/05/1986,15043
10/03/1993,1565
22/02/2001,15050
16/12/1985,1569
14/05/2003,1571
02/03/1993,15073
26/08/1982,11573
24/11/1988,15085
03/02/1972,15110
06/08/2001,1580
10/08/2001,1582
30/05/2006,15136
27/05/1991,15162
26/01/1995,9486
14/10/1991,13771
18/01/2008,1590
07/05/1999,1592
03/08/1998,15192
03/05/2000,1596
03/02/1977,13075
22/01/1988,1599
13/01/1982,1601
06/10/1986,1603
03/11/2006,1605
16/12/2009,14215
22/07/1966,13892
25/04/2001,1609
04/05/1999,1611
23/05/2003,1613
30/01/2002,15252
14/07/1977,15261
27/03/1995,1619
14/12/1994,15343
24/08/2011,5
29/06/2012,73
19/12/1991,1627
23/02/2007,118
04/03/1983,1631
09/08/1991,1633
02/06/1986,1635
07/03/1980,1637
24/09/1975,1639
27/02/1989,1641
13/06/1989,1643
23/04/2004,239
14/10/1976,1647
05/04/2010,252
30/10/2006,313
04/01/1991,1653
06/09/1983,394
28/05/1974,1656
23/09/1981,1658
18/12/1981,1660
22/09/1986,1662
17/08/1979,503
29/03/2010,601
08/08/1987,1668
19/01/1977,1670
19/09/2011,627
01/12/2008,651
18/08/1994,1676
08/08/1978,1678
02/03/2011,687
07/07/2011,690
13/12/1995,1684
13/11/1995,767
10/06/1992,724
18/08/1987,857
20/08/1975,1691
08/09/2004,1693
23/05/2012,235
20/04/2012,1396
01/08/2008,1697
11/01/1979,955
13/10/1983,1701
14/04/1988,1025
28/10/2008,1705
08/08/2003,1060
30/03/2005,1709
22/05/2012,1062
01/09/2011,3652
16/07/2009,1076
08/08/1984,1040
14/06/2010,1716
03/10/1995,1335
14/12/2011,1411
06/11/2008,1722
17/10/2002,13641
30/03/2009,1725
29/11/1985,1528
22/06/1994,12197
16/06/2006,1730
06/03/2009,1732
23/06/2008,12942
01/08/2006,1735
08/03/2010,1586
29/08/1979,1739
17/08/2001,1617
11/09/1987,1743
27/08/1990,1745
10/12/2004,1751
23/02/2005,1798
05/03/2007,1819
18/12/2002,5688
02/06/2009,1754
15/08/1984,1900
23/05/1990,1928
18/04/2012,1990
14/12/1979,1762
15/02/2012,2058
04/06/1987,1766
24/09/1985,1768
09/04/2012,2140
10/10/1991,1772
25/04/2012,1774
15/01/1980,1776
24/10/1996,1778
07/02/2012,2389
29/04/2011,1782
05/07/2010,2417
29/05/1991,2432
07/06/2011,2447
23/02/2010,2499
27/10/2010,2586
07/05/2010,2730
20/11/2007,1796
31/03/2006,2836
10/01/2006,1800
09/03/2005,1802
22/07/2011,2901
25/03/2006,1806
03/09/1996,1808
28/06/2007,2948
07/12/2006,1812
19/03/2002,2967
29/01/1988,10908
16/06/1999,1817
21/07/2008,3111
09/05/2008,3137
03/09/1997,1824
21/07/2005,1826
10/12/1987,9134
07/08/1989,15330
29/06/1981,1832
22/06/1988,1834
07/08/1980,1836
23/03/1982,1838
18/03/1977,535
26/06/1990,1842
19/03/1993,1844
19/06/1981,1846
22/04/1994,1848
10/01/2002,3368
24/04/1980,1852
31/10/1990,1854
09/05/2012,3403
03/04/1990,1858
19/06/1997,3502
14/10/1981,1862
09/09/1966,834
31/03/1981,1865
04/09/1975,1867
13/12/1988,1869
12/10/1988,1871
07/11/1986,1873
18/09/2007,3650
28/02/1989,1877
23/01/1986,3709
01/06/1989,1881
04/05/1976,1883
17/06/2004,2575
28/07/2004,3787
28/09/1984,1888
02/07/1991,1890
22/02/1978,1892
14/06/1985,1894
16/07/1991,1896
13/09/1982,1898
24/09/2009,3976
21/05/1991,1902
12/11/1993,1904
25/09/1979,1906
07/01/1994,1908
18/03/2011,4169
09/08/1993,1912
08/02/1993,1914
27/09/1990,1916
29/12/1992,1918
06/05/1992,1920
20/10/2011,4374
09/03/1994,1924
22/04/1987,1926
27/08/1996,4407
06/05/1993,1930
14/10/1980,1932
30/05/1989,1934
16/10/1989,1936
14/04/1977,1939
11/07/1991,1941
01/11/1996,4505
19/09/1990,11621
20/11/1992,1946
14/03/1978,1948
01/12/1997,1950
04/11/1987,1952
16/11/1983,1954
03/11/1971,1956
14/07/1988,4660
17/09/1981,13251
04/01/1990,722
28/07/1987,4691
09/01/1979,12879
12/02/2003,1965
04/07/1995,1967
17/04/1991,4996
14/11/1985,1850
21/02/1995,1972
28/02/2011,5175
23/10/1992,13778
07/07/2010,5237
10/09/1996,1979
13/07/2005,5340
25/10/1990,5363
07/06/2010,1985
15/12/2010,5069
06/12/2010,1988
24/03/2010,5491
11/04/2012,1992
28/10/1980,15241
14/05/2012,1995
16/04/2012,5613
28/03/2007,12389
29/06/2011,591
12/11/2003,324
22/04/2009,5897
26/12/1989,5985
17/12/1998,6150
09/04/2010,4209
11/03/2010,10184
13/04/1987,4415
18/07/1994,6263
22/08/1996,2012
03/09/2004,6296
16/05/2003,6365
06/06/2011,2018
27/07/1999,2020
20/06/2011,6435
21/02/1984,6577
23/05/1988,390
06/01/2012,1401
20/05/1996,2028
07/03/1991,2030
06/06/2006,6628
24/02/1999,2034
17/04/2009,6777
10/12/1992,6801
04/04/2011,6863
02/03/1978,14568
05/08/1999,9377
09/10/2007,6873
18/09/2006,2047
02/06/2011,6912
12/09/2006,842
26/11/1997,2052
30/11/2001,6957
02/09/2005,2056
16/01/2009,7054
27/08/1991,2060
03/04/1974,14956
06/11/2001,2063
21/10/2009,7306
23/09/2005,7501
08/04/2010,7537
12/03/2009,7569
30/09/1970,14260
05/04/1993,7671
03/06/1988,2076
21/05/2010,7816
26/01/1989,7861
27/09/2005,1822
27/03/2008,8143
03/10/2002,12234
22/06/2001,8019
08/04/2002,2088
17/09/1992,8081
02/03/2009,2092
10/12/2009,2094
16/04/2001,2096
24/10/2006,2098
31/01/2012,2100
16/02/2009,2102
05/10/2012,2104
04/10/2012,2106
14/09/1994,2108
05/09/1994,2110
24/05/2011,8524
17/07/2004,8644
29/06/1995,2116
05/06/2007,8731
09/03/1999,8857
21/05/1999,8872
27/12/2004,2054
11/05/2006,8893
11/01/2000,2127
05/05/2003,8917
16/12/1999,2131
10/07/1980,10085
21/02/2003,8925
03/12/2004,8935
19/11/1987,12382
28/06/2012,371
23/04/1990,8978
24/11/1997,8993
24/04/1997,2144
12/09/2008,2146
05/01/2012,2148
20/03/2006,9004
15/12/1987,2152
05/02/1991,12490
15/12/1994,2154
01/03/1999,2156
09/01/2000,9022
13/01/1998,9036
27/07/2001,2162
03/07/2000,2164
01/06/1990,9049
17/10/2003,9063
06/11/1996,9069
05/10/1992,9084
23/01/1987,9096
23/09/2009,2176
08/04/1988,2178
22/09/2003,2180
17/01/2001,2182
07/07/2008,9128
20/05/2003,2186
03/04/2007,2188
08/01/2004,2190
27/08/2008,2192
28/05/2009,11921
01/02/2000,2195
22/03/2001,2197
29/08/2003,2199
20/04/1999,9168
17/04/1979,2203
26/06/1984,9186
02/04/2003,679
11/10/1999,2208
05/08/1966,9195
26/04/2010,2212
11/01/1985,2214
08/03/1996,2216
01/11/1997,2218
30/06/2008,14725
02/03/1994,9235
07/11/1969,2223
07/02/1991,2225
10/04/1990,12465
27/06/2007,967
21/12/2009,2415
11/12/1996,2230
30/08/2011,2232
26/08/1991,2234
24/04/1973,9283
01/09/2000,2237
09/12/2011,2239
12/05/2009,2241
30/08/2006,1804
16/09/2005,2245
14/09/2006,2247
27/04/1995,15151
12/06/1992,2250
17/07/1986,9354
05/12/2006,9367
30/03/2000,9372
18/05/1976,11796
16/07/1981,13327
05/03/1998,9385
03/01/1995,9389
31/01/2001,9407
11/03/1980,12497
22/11/2011,2267
16/12/2011,2269
19/07/1988,9436
21/11/1995,2273
25/01/2006,9452
23/05/2000,2277
20/04/2001,9464
06/08/2008,7985
29/09/2003,9469
30/12/1986,9491
10/06/2009,2286
21/05/1997,9500
04/02/1986,9508
03/08/1979,9518
06/09/2010,9533
31/03/2010,9537
17/06/2010,2298
27/01/2009,2300
26/08/2008,2302
14/03/1991,9583
27/10/1989,9595
22/07/2010,10377
13/06/2012,1760
21/10/1993,9614
16/06/2010,2221
10/03/2008,2313
03/01/2012,595
02/02/2001,9634
02/09/2010,2318
06/09/2005,9654
22/11/2008,2322
23/11/2006,2324
08/07/1998,9680
07/01/2002,2328
23/06/1994,9690
30/08/2005,2332
19/05/1989,2334
02/09/2009,2337
16/01/2002,2339
17/08/2009,2341
14/07/2006,2343
10/01/1994,2345
02/03/1999,9774
18/03/2003,9261
30/05/2000,9782
24/03/1986,9787
11/08/2005,9808
10/03/2004,2355
25/10/2007,2032
18/10/1996,9825
29/11/2006,2360
04/02/1991,9876
02/08/1989,9888
02/03/2006,2365
17/07/2007,2367
13/01/1995,9910
11/10/2006,2371
24/04/1995,9923
21/06/1988,9927
28/04/1984,9929
08/04/2008,2379
29/01/2009,2381
30/12/2008,2383
11/09/2007,9951
28/09/2000,9961
26/08/2005,9983
22/01/1968,12043
29/05/1992,2392
03/10/2003,10012
06/11/1998,10027
10/10/1977,208
19/12/1966,2399
06/06/1972,10036
21/01/1988,10044
02/09/1983,2405
17/09/1991,9098
04/07/2008,914
17/11/2000,13256
18/08/1986,2410
26/07/1976,10955
19/11/1971,10052
19/06/1979,10062
11/11/1975,10077
01/03/1992,2419
19/08/1999,2421
06/09/2006,2423
05/05/2004,2425
29/08/2006,2427
05/03/1991,10094
27/06/1994,14935
12/12/1973,10097
31/03/2003,10113
15/03/2010,301
06/02/2006,10132
06/04/2011,2439
19/07/2001,10148
04/06/1998,10170
19/03/2010,10195
29/04/1986,10202
17/12/1996,2449
05/02/2010,2451
04/12/2009,2453
21/07/1993,10232
03/05/2010,5837
01/04/1996,13711
11/05/2000,218
10/09/1980,10238
19/10/2012,10258
17/02/1987,13587
06/05/2011,2465
27/05/2011,10293
13/12/2004,2469
06/03/1991,3550
19/12/1997,10307
12/12/1996,2474
10/10/1994,2476
26/05/2010,3815
15/08/1988,2479
20/02/2004,1483
22/06/2004,2482
28/08/2000,2485
26/09/2006,7326
25/07/2008,2488
28/11/2007,9974
25/09/2000,10343
28/04/1992,10365
15/04/1999,10367
19/10/2001,2497
22/01/2004,10386
04/03/2011,2501
05/04/2012,2503
09/02/1981,2505
20/11/2010,2507
15/07/2012,2509
22/10/2003,2511
28/06/2010,2513
31/07/1981,10442
15/10/2011,2517
16/06/2004,2519
26/06/2000,10857
29/11/1973,11882
26/07/2005,10465
16/07/2012,710
01/04/1977,2526
22/01/1997,2529
28/09/1985,2531
30/11/1979,10218
18/03/1999,2534
31/07/1996,14196
17/08/1987,2537
21/09/1981,11617
05/03/2009,2540
28/04/1975,2542
10/05/1991,2544
26/09/1983,2546
23/05/1991,13689
12/11/2007,2549
09/03/2010,2304
07/07/1988,10509
24/05/1978,10521
13/04/2000,8929
20/02/2006,10544
25/08/1994,10537
28/11/2000,2560
30/11/2009,934
04/12/1996,13617
16/08/1995,2564
08/12/1995,2566
31/08/1995,1487
15/07/1994,2569
24/01/1995,2571
22/01/2008,10562
20/01/2004,10579
05/07/2000,14927
31/07/2003,10586
11/02/2010,274
18/05/2006,2581
21/05/2008,10608
07/02/2006,10624
03/05/1999,2588
14/07/2010,2590
27/04/2007,10445
05/11/2008,10645
03/12/1997,2595
29/05/1998,2597
01/07/1998,973
30/06/1999,2600
04/03/1992,10677
29/07/2008,14709
04/11/2003,2605
28/04/1980,10688
13/07/2009,2609
11/08/2008,2611
04/12/1998,10785
16/08/1984,10699
25/09/1987,8212
03/12/2007,2617
10/03/1976,10708
08/06/2012,2621
18/08/1983,10725
29/03/1988,2625
17/08/2004,2627
27/03/2009,10746
20/07/2009,10763
19/03/1996,2633
14/06/1994,10782
30/11/1998,2637
02/06/2005,10919
03/02/2005,164
04/06/2007,1747
25/06/2007,2642
25/05/2005,2644
08/10/2010,2646
18/02/1988,2648
03/02/2011,2650
28/01/2010,2652
30/08/1993,11139
25/04/1977,2655
26/09/1990,2657
27/12/1982,10830
29/12/1980,2661
11/09/2006,10849
22/05/2001,2665
03/12/2010,2667
29/01/1993,2669
25/11/1999,10865
25/02/1977,10867
22/10/1990,13628
01/06/1999,14021
22/07/1971,2677
13/10/2000,2679
02/08/1990,2681
21/10/2006,15360
19/04/1978,2684
02/10/1990,224
12/03/2002,2687
17/06/1991,2689
06/12/1984,10901
01/03/1998,2693
04/02/1987,2695
10/11/1992,2697
05/06/2009,2022
13/03/1991,2700
31/05/2007,10121
25/11/1976,2703
12/05/2008,10949
09/09/1983,2707
24/06/2002,2709
21/05/1987,2711
26/02/2010,1098
23/09/2010,2714
20/11/2011,2716
27/09/1993,10990
16/10/2011,11002
06/06/1988,2722
08/02/1994,11861
11/07/2002,11011
29/02/2008,2727
30/10/2003,757
12/07/1990,11033
07/02/1977,13741
08/07/1986,11986
28/07/2008,12079
23/02/1996,11047
14/08/2008,9676
19/02/2010,2738
19/10/2006,11053
20/03/2012,345
24/03/2012,2743
03/03/2004,11061
13/05/2008,2747
01/10/2003,9639
09/11/2001,2750
19/07/2000,645
21/12/1992,2753
04/08/1997,2755
11/03/2004,3011
23/08/1985,11092
13/12/1979,11096
03/02/1987,12316
09/06/1993,11109
05/06/2001,2765
11/05/2004,2767
27/12/1993,2769
29/08/1989,11122
20/02/1981,2773
26/04/1978,11128
03/11/2000,2777
07/08/2008,2779
15/12/2000,2781
04/09/1991,11143
20/12/2006,2785
12/02/1993,2787
02/09/1991,2789
10/08/2009,2745
14/09/2010,2792
08/08/2000,2794
27/06/2000,2796
14/01/2000,13725
02/02/1994,10642
12/01/2006,11179
13/05/1999,2802
07/12/1966,2804
08/07/2009,11201
17/05/1999,11211
25/10/1996,11220
03/08/2004,2812
16/08/2004,4426
28/11/2003,2816
11/04/2008,15062
14/05/2007,2819
25/04/2005,9898
30/08/1999,11243
18/01/2006,10426
05/04/2006,2825
11/04/2006,2827
20/12/2007,2829
09/10/1990,12499
13/12/2007,2832
10/08/1982,11260
06/02/1969,11268
16/10/1990,12848
22/03/1991,11278
10/12/2002,2841
27/10/2005,11290
31/05/1994,11296
22/10/1993,2275
23/03/1995,11306
15/08/1994,11320
01/09/1992,2852
11/11/1974,2854
14/02/2011,2284
13/11/1985,11340
23/01/2007,2364
19/07/1996,2860
06/02/1998,13933
22/04/2005,15371
04/02/1997,2864
30/09/1987,2866
26/03/2008,2868
03/08/2000,11365
20/09/2006,2872
12/03/2003,2874
31/10/1996,11373
16/10/2012,2878
24/04/1998,2881
01/10/2009,2883
09/09/1988,11404
31/12/1996,2886
06/07/2011,2888
30/10/2000,9178
29/01/1982,11426
21/08/1991,11615
17/07/1992,11435
02/08/1994,2896
18/02/1982,10516
16/06/1978,11422
08/05/2012,179
23/02/2001,11447
01/08/1994,2903
27/10/1998,2905
11/02/1998,2907
09/06/1992,11458
18/09/1997,11478
09/06/1994,2913
15/04/1992,11492
28/11/1978,13874
01/02/1994,2918
23/09/1992,11499
04/01/1983,2922
23/02/1990,9966
08/09/1998,2925
15/10/2007,4733
07/10/2009,2928
16/11/1992,2930
01/08/1993,11517
13/10/2011,230
11/08/1977,11539
12/11/2004,2937
03/06/1996,14052
22/10/2011,2940
15/08/1979,11550
21/06/2011,7349
07/03/1994,11554
03/06/1986,9038
03/11/1987,11558
27/10/1987,11562
21/11/1997,11170
21/11/1991,2953
16/11/1989,11570
27/12/2006,2957
14/06/1972,2959
01/03/1978,11576
21/02/1996,2963
05/11/1992,11580
17/08/1977,11587
05/06/1996,2969
02/02/2009,5904
15/04/1974,11595
18/06/1990,11603
23/07/2012,2236
26/02/1987,2976
24/05/2012,2718
01/09/2008,2979
01/04/1995,2981
16/11/1995,2983
05/06/1995,2985
02/09/1981,2987
10/07/2006,2989
06/11/2007,140
26/07/1991,11625
29/07/1987,11630
07/12/1995,2996
23/04/1996,2998
18/11/1999,11639
01/08/1980,3002
22/02/1990,3004
23/06/1989,3006
29/12/1975,9017
01/09/1995,3009
10/03/1987,11655
06/08/2002,3013
08/05/2000,3015
11/01/2010,814
24/09/2010,2294
27/11/2007,11680
06/03/2012,11686
22/03/2004,3023
13/07/1994,11695
30/11/1992,11712
05/04/2007,10058
28/10/1998,3030
11/12/1997,3032
28/06/2004,10651
13/05/1985,3035
08/09/1988,3037
08/07/1987,11743
08/03/1995,11754
14/12/1995,11763
20/08/1998,11770
12/09/2010,3047
20/08/1993,3049
23/07/2003,9597
18/07/2002,11787
04/01/1996,3054
24/01/2000,11800
07/05/1993,3058
04/11/1966,3060
24/01/2006,3062
08/07/2011,8274
26/08/2010,11818
04/04/2012,821
09/09/1991,3068
15/10/2009,3070
01/08/2007,11849
30/06/2003,11859
07/08/1978,3076
29/10/2003,3078
02/08/1996,3080
24/03/2003,9324
27/06/1996,3083
16/03/2010,3085
07/02/1984,11870
08/03/1977,11876
10/05/2006,3091
01/06/2009,2950
18/10/1991,3094
27/04/1993,11888
27/07/1972,11895
18/09/1990,3100
16/12/1975,11904
05/11/2003,11914
02/07/1993,3106
11/04/2011,291
16/08/1999,3109
10/12/1999,11933
18/11/1983,3113
20/03/2008,11939
17/03/2010,3117
16/05/1996,3119
10/01/1978,11963
23/11/2000,11965
14/05/2002,3125
21/12/2006,3127
27/01/2011,3129
28/06/1988,495
27/04/1972,11993
16/09/1993,11995
12/07/2004,942
05/05/1977,12005
10/02/2000,12010
30/08/2002,3141
04/02/1972,3143
07/08/2001,3145
06/02/1987,3147
03/10/1989,499
28/10/1993,15255
20/08/1987,11878
26/06/1986,12023
29/12/1987,3154
22/10/1976,3156
21/01/2008,11286
20/02/1992,3159
03/03/1988,12032
13/03/1985,3163
30/06/1987,12041
26/11/2002,3167
29/08/1974,15286
13/08/1998,3170
27/11/2006,3172
08/06/2009,11066
07/06/1994,3175
02/03/2010,3204
27/02/1992,12061
25/06/1999,12065
05/11/1987,3183
05/03/1980,12074
28/02/2010,3187
16/11/2004,12086
16/12/2006,12583
15/12/2011,3192
18/02/1987,3194
09/06/2008,3196
17/06/1971,12107
27/09/2006,12121
25/06/2001,1477
25/02/2010,1473
10/08/2007,12140
28/03/2002,12154
29/09/2004,9581
29/04/2009,3209
29/07/1986,11582
30/06/1996,12178
07/08/2002,12188
23/03/1990,12374
26/05/2008,3217
09/02/2010,1576
13/03/2008,114
05/07/2001,9862
02/02/1990,1187
25/07/2002,9953
27/03/2012,1780
31/08/2004,14461
22/03/2012,3226
19/03/1998,11218
27/08/1997,2515
10/12/2008,3230
23/07/1999,12212
25/02/2008,3234
14/05/2010,3236
09/12/2006,3238
04/01/2007,3240
07/02/1996,3242
01/02/2007,12253
15/05/2012,1394
26/08/1988,12259
24/10/1991,12268
08/03/1989,2396
04/06/1991,12277
22/11/2006,3254
21/11/2005,3256
17/11/1987,12291
19/09/2003,3260
17/06/1975,12304
09/12/1977,12310
19/01/2009,3266
16/04/2008,3268
16/03/2004,11667
09/02/2011,3271
20/08/2009,3273
15/12/2006,3275
22/11/1991,12342
23/09/2004,3279
08/12/2010,3281
13/06/1990,12355
02/07/1976,10972
14/06/1977,12357
12/01/1988,3289
11/01/1988,12363
25/05/1992,11283
07/05/2007,3294
31/08/1982,3296
19/06/1990,3298
13/10/2006,2992
01/01/1991,12376
12/11/1992,12380
02/12/2004,3305
23/06/1998,12385
18/06/1998,13275
31/08/2007,3310
18/01/2007,3312
09/02/1999,12435
28/01/1988,9931
26/07/1995,11302
18/03/2009,3318
11/01/1990,12445
29/09/1976,12451
06/09/2004,12287
09/04/1976,12458
10/06/1988,3327
19/02/1988,3329
14/02/1973,3331
18/06/1985,13264
08/07/1988,3335
07/05/1987,3337
17/09/1993,3339
21/11/1990,3341
15/10/1993,3343
05/06/1985,12480
16/01/1975,12484
28/02/1992,3349
04/08/2003,10008
23/08/1977,12494
18/05/2005,14350
10/03/1997,4801
10/06/2003,3356
24/11/1992,12506
23/04/1980,12513
28/05/1986,3362
24/07/1978,12518
11/03/1988,12522
28/10/1983,12527
31/10/1997,12529
12/05/1983,12533
08/10/1992,9987
05/01/1972,11746
24/07/1989,9912
23/06/1993,3377
07/08/1986,1629
12/04/1979,12535
16/06/1980,2994
20/09/2011,3383
05/01/1988,12541
26/03/2009,3387
26/07/2011,12552
10/05/2001,12565
28/12/2005,12577
24/04/2007,12586
01/03/2006,12599
03/02/1993,3399
29/12/2003,3401
20/03/1998,12638
18/01/1982,10711
15/04/1987,12645
02/05/1996,3065
08/11/2004,12657
19/10/1995,3411
03/09/1993,14430
18/08/1997,12070
20/12/1994,11772
08/07/1993,12661
30/11/1984,3418
07/06/1988,12671
09/06/1983,3422
10/10/2006,6595
27/04/2009,3425
05/12/1994,3427
03/07/2008,12699
11/10/2011,685
18/01/1999,3432
07/07/2012,3434
18/02/1977,12710
11/12/1991,12720
24/08/1982,9936
20/05/2002,3441
25/09/1997,3443
07/04/1989,11236
27/07/2007,11197
30/07/1996,12743
04/01/2001,12757
05/04/1983,12759
05/04/1991,3453
23/11/2007,3455
22/05/1981,12979
17/07/2012,3458
24/02/1987,3460
19/09/1986,12313
16/03/2006,3463
30/12/1987,3465
07/06/1995,3467
28/12/1987,3469
11/01/2011,3471
25/08/1989,7933
25/11/2010,7935
10/05/2004,3475
07/05/1971,3477
25/02/1994,3479
05/11/2001,3482
15/01/1997,13868
04/08/1986,3485
01/03/2005,12816
20/10/2003,12819
13/06/2005,8895
02/02/1967,10042
25/05/2001,3492
21/09/1999,3494
28/09/2001,12829
23/01/1995,3498
05/05/1995,3500
21/10/1992,12840
08/04/1986,12844
09/04/1984,12846
13/01/1987,3508
28/02/1979,12850
09/11/2010,2894
10/04/2003,3513
13/09/2006,9981
29/09/2000,2201
14/01/1999,3517
03/08/1983,12855
16/11/2000,15377
15/03/1999,3161
17/06/1986,3523
05/05/2009,3525
29/08/2007,11678
17/04/2004,3528
08/04/2004,969
05/12/1991,12863
06/11/2003,3533
17/02/2004,3535
28/05/1997,12701
28/02/1984,10081
07/05/1998,3539
24/07/1986,3541
15/03/2005,3543
20/03/1989,10363
12/03/1997,12884
21/05/2004,3548
07/03/2007,12895
07/12/2010,3098
14/06/1991,3553
17/01/1979,10960
22/07/2009,3556
04/04/2008,1096
09/11/1987,10501
12/09/1990,12186
08/01/1987,10479
28/09/1989,10684
27/04/1983,9686
23/09/1977,12904
07/11/2002,3566
18/09/1985,11176
10/04/1991,3569
31/07/2001,12918
31/03/2009,3247
10/10/1997,3574
20/08/2010,3576
22/05/2000,12930
19/07/2004,4288
07/10/1980,3581
08/12/2009,3583
02/07/1998,12940
26/01/1984,3587
07/04/1999,3589
24/09/1970,3591
30/07/1998,3593
13/07/1988,12957
09/02/1993,12962
24/08/1983,3599
10/07/1997,2016
02/06/1987,12967
28/11/1980,11898
08/03/2004,3605
10/12/2011,13099
19/10/1992,12973
25/11/1980,3610
06/12/1988,11392
14/05/1992,12353
28/09/1978,3614
13/04/1977,12981
06/05/1980,3618
07/03/2008,15289
05/01/1999,3621
07/06/2004,3623
27/02/1998,3625
12/02/2007,13005
17/04/2010,13018
07/11/1989,3631
22/09/2000,3633
12/05/1987,3635
27/05/2003,3637
20/09/1988,3639
29/10/1993,3641
16/02/1992,11114
09/06/1999,13046
08/02/2002,13057
17/07/2009,3121
05/03/1987,11891
14/03/2008,13067
24/05/2006,13071
08/08/2007,3654
08/09/1995,3656
27/09/1979,11851
24/02/2005,12103
14/09/1990,11490
14/11/1980,3661
25/10/1999,14915
15/06/2012,3189
20/10/2010,3665
17/05/2004,3667
21/07/1983,12298
28/12/2000,13111
23/09/1966,12986
14/08/1969,13120
20/04/1972,3675
26/05/2011,1368
09/03/2012,3678
31/08/2011,3680
29/04/1988,12184
02/12/1977,13139
12/01/1994,3685
30/08/1988,3687
05/03/2003,3689
19/12/1995,13151
21/09/1978,3693
22/02/1995,13160
04/10/2005,3697
07/05/1979,13162
22/07/1986,14878
24/04/1996,3701
23/10/1989,3703
27/03/1990,3705
12/09/1988,13172
10/07/2011,13182
18/11/1977,10638
09/09/1975,3712
17/12/2010,3714
03/04/2001,3389
23/10/1991,3717
11/10/1995,13217
13/07/1998,13223
20/12/2010,3724
06/09/1979,13243
01/03/2008,11661
23/11/1982,13245
12/01/2010,3731
28/04/2009,13254
15/01/2001,3735
13/01/1997,3737
29/01/2002,13261
28/04/2006,3741
31/10/2011,1794
04/07/1972,13280
17/03/1987,13291
24/08/1999,12766
06/09/1989,13293
19/01/2005,3752
26/04/1983,13295
24/07/1984,3756
20/11/1985,11765
11/10/2002,11628
30/06/1998,12596
12/04/2010,9441
24/02/1981,13310
01/12/1990,11845
24/04/1989,12026
10/10/1980,12063
12/02/2008,3768
11/11/2008,10601
19/01/1987,3771
28/08/1991,3773
13/08/1987,3775
29/03/1973,3777
23/05/1984,3779
21/01/1997,3781
09/05/2005,3783
22/04/2004,3785
20/07/1992,13329
23/08/2004,3789
01/04/1997,2260
22/11/1995,3792
10/08/2004,698
16/10/1980,3795
17/09/2003,3797
17/07/2011,3799
06/03/1987,11412
10/12/1980,13335
04/02/2010,2740
12/10/1978,13340
27/07/1977,11593
08/02/2011,2306
02/10/1997,13345
27/10/1975,13524
29/04/1987,3812
06/05/1997,13
14/12/1989,13376
07/05/2002,13382
13/02/1992,15101
30/10/1987,3820
13/07/2006,3822
23/09/2008,13403
06/01/2010,3826
30/07/2009,3828
01/04/1980,10614
20/05/2009,3831
24/10/2000,10001
15/03/1991,13431
16/06/2011,599
16/03/2012,2080
30/10/1978,12515
09/05/1977,13441
08/02/1979,13447
25/01/2008,3843
15/01/1998,3845
03/02/2012,3847
23/11/1994,3849
30/05/1995,3851
11/06/1990,13466
30/07/2011,3855
16/05/2012,3857
17/11/2006,1151
24/11/2004,12423
12/08/1981,13531
13/03/2002,13540
24/10/1988,13550
28/09/2011,1165
05/05/1988,13552
06/06/2005,12899
16/04/1996,13578
21/06/2002,14801
12/10/2011,1415
21/03/2007,11941
04/01/1993,14082
29/01/1980,13571
08/11/2007,11182
12/11/2001,13576
25/11/1982,12393
28/11/2008,3882
13/12/1982,12872
17/05/1991,3885
27/08/2011,3887
14/07/1995,10628
06/06/1991,3890
17/06/2002,9054
10/08/2011,1086
17/10/2011,713
30/01/2009,2210
23/01/2011,12777
10/11/1993,3897
16/08/2010,2326
21/10/1975,3900
03/03/2009,10884
20/05/1991,3903
23/10/1997,3905
29/06/1990,3907
20/04/1994,3909
21/01/1987,13298
07/06/2005,3258
20/06/1989,3913
11/12/2011,3915
15/04/2003,13602
28/12/1984,828
06/10/2000,9884
24/08/2003,13609
12/05/1975,3923
22/05/1997,3925
07/08/1997,11344
31/07/1991,11601
02/05/1998,3929
10/09/2008,3722
27/10/2009,12641
24/07/2006,13621
28/07/1989,12047
30/09/1991,3936
26/03/1992,3938
22/03/2007,10845
27/06/1988,11395
06/05/1986,11149
12/07/1982,3943
03/09/2008,13651
18/05/2000,14411
07/04/2003,3948
24/11/1986,13898
20/03/1979,3951
10/12/2001,9593
15/01/1988,13679
20/11/2002,13684
06/04/1999,3958
04/03/1999,3960
09/05/2007,13692
31/03/1998,3964
13/10/1997,13706
27/05/1977,3968
24/08/2009,3970
29/03/2006,13714
18/05/2001,3974
16/02/2004,13722
09/09/2008,10617
19/02/1987,13728
12/08/1977,720
28/11/1983,3982
29/12/1998,13732
15/02/1993,13420
20/01/1987,12959
06/05/1976,11886
22/07/2005,3989
22/02/2012,3991
16/05/2001,3993
30/07/1999,13745
20/10/2004,3997
16/10/1996,76
02/08/1999,4000
14/06/1993,13751
18/12/1980,9263
22/01/2010,4005
16/05/2005,3134
03/08/1993,4009
22/06/2010,4011
08/02/2006,4013
11/12/2007,13023
29/09/1997,11946
23/03/1981,4017
29/01/1996,4019
04/04/1994,13784
01/12/1994,2437
16/12/2008,4024
21/11/2006,4026
17/02/1981,4028
13/09/1979,11100
07/06/1982,13325
29/03/1974,4032
04/12/1989,1651
23/11/1995,13805
03/09/2010,4614
27/07/2012,13811
08/05/2004,11814
14/08/1997,4041
26/01/2006,5305
18/02/1986,4044
25/04/1988,4046
05/07/1991,4048
13/11/2000,4050
05/08/1991,1229
16/01/1987,4053
30/04/2012,4055
10/03/2005,4057
01/11/2000,4059
23/02/1999,13156
18/07/2005,13837
19/12/2003,10305
22/12/1998,4065
19/06/2000,2168
03/12/1979,4068
09/02/1998,4071
16/12/1988,4073
08/04/1999,13861
26/09/1979,4077
03/12/1981,4079
10/04/1995,4081
19/08/1994,4083
13/06/1995,4085
15/04/1998,4087
30/05/1997,4089
28/09/1981,13876
29/03/1977,13881
10/11/1966,4095
22/06/1987,4097
25/08/1986,2631
21/02/1990,4101
04/01/1994,4103
20/03/2007,4105
29/05/2002,4107
01/08/2003,4109
28/01/1997,11328
21/08/1986,4112
07/07/1975,13912
04/08/2010,4116
05/11/1996,4118
22/04/1991,4120
04/05/1981,4122
13/05/2009,11038
16/06/2012,4125
23/12/2009,4127
19/09/2007,5377
13/02/1995,13964
10/11/2003,12226
24/08/1973,13970
05/08/1988,13681
16/12/2003,12240
04/05/1998,4137
24/03/2011,3824
11/11/1977,13985
20/01/2010,4142
07/05/2011,4144
19/01/1996,14003
14/09/2009,4148
22/10/2010,3052
16/01/2008,3320
17/09/1999,12545
15/10/1980,11188
16/07/1996,12810
25/06/1996,4155
13/02/2009,1727
16/02/2011,4158
07/04/1997,9661
03/04/1992,11609
09/06/2003,4162
05/06/2006,133
24/01/1996,4165
18/09/2010,14027
19/10/1969,14029
05/01/1979,13135
31/03/1997,14032
20/08/2004,14044
13/10/2005,4176
13/09/1990,14054
18/08/2009,4180
14/12/2007,4182
05/01/2007,14068
30/09/2009,4186
26/05/1988,1436
17/01/1996,4189
02/02/2005,4191
16/09/2009,3104
14/07/1993,4194
09/11/2009,14102
26/10/1983,4198
30/09/1968,11255
31/01/1997,4201
16/06/1981,14503
14/11/2006,4204
09/11/1983,10222
09/07/1974,14121
14/01/1968,14124
11/04/1990,4211
21/08/2001,14132
09/09/2011,2316
21/11/1969,13658
04/09/1987,14138
11/07/2005,4219
16/02/2005,4221
18/08/2011,4223
11/01/2007,3984
09/06/2009,1547
03/01/2005,4227
05/07/1990,14151
13/06/2000,14158
14/02/2006,4233
21/02/2008,4235
17/07/1997,14178
03/08/2005,4239
17/11/2004,4241
25/07/1997,12229
02/06/1988,13418
12/03/1991,5571
05/07/1984,5581
06/07/2009,10667
15/04/2011,6306
17/08/2005,4249
29/08/1991,10503
02/12/2011,4133
13/12/2011,2083
23/02/1995,15204
10/11/2011,2271
08/09/1980,14186
13/09/2005,14193
19/10/1978,14204
20/11/2003,4262
14/09/1984,14213
18/11/1974,4266
19/05/2000,14221
04/03/2010,4510
15/09/2008,14233
27/06/2008,14184
12/06/1971,4274
19/12/1994,4276
09/02/1989,4278
25/09/1990,4280
01/03/1997,4282
17/01/2000,4284
15/06/1977,10951
08/12/1982,15306
12/11/1985,14246
29/05/2006,14273
23/06/1981,14386
30/10/2009,4292
26/09/1996,1910
09/03/2011,4295
07/11/1967,10380
12/08/1998,13554
14/04/2011,4300
10/05/2007,4302
08/11/1972,14281
10/10/2007,4306
18/07/1989,4308
24/02/1988,14290
14/10/1974,9959
08/04/1987,14309
08/04/1996,13064
22/06/2011,4316
02/03/1989,2403
07/05/1990,2401
03/04/1997,14333
01/06/1992,8201
02/05/1989,12654
14/11/1996,10714
31/10/2007,1057
11/06/1996,4326
16/07/2011,14359
02/12/1996,4330
31/05/2001,4332
09/01/2007,14381
10/09/1986,4336
11/10/1996,4338
01/02/1996,14663
11/06/2007,4341
12/08/2008,4343
12/07/2011,620
10/01/1991,4346
20/11/2009,14435
04/01/2012,609
19/01/2006,14451
26/11/1984,14463
09/10/1996,4648
17/02/1997,4002
09/05/1997,3627
28/08/1995,4358
08/07/2012,4360
18/06/2004,14485
01/04/1993,4364
14/10/2008,10153
08/02/1995,12745
21/10/1971,14319
16/09/1987,14500
09/02/1979,13425
07/04/2000,4372
29/07/1997,14510
19/10/2011,4376
26/06/1975,4378
30/12/1998,14551
03/12/1991,4382
09/02/2000,14554
29/06/1989,4386
27/01/1987,10499
22/11/1989,11544
18/05/1995,14571
17/10/1995,14575
12/07/1993,4394
26/09/2001,14608
26/11/2004,4398
26/09/2003,14627
05/02/1980,13762
06/05/1983,10531
19/03/1999,12737
27/04/2004,4405
28/05/1999,14638
17/04/1995,4409
17/05/2005,14650
20/07/1989,4413
07/10/1988,14659
03/09/1987,11141
08/08/2012,6799
17/07/2000,4419
06/02/2002,14443
24/02/2012,41
11/12/1998,10899
09/01/1998,4424
19/06/1989,14670
18/04/1985,12951
14/04/1976,14675
14/08/2010,15003
17/04/2002,2150
24/09/2001,4433
26/11/2008,4435
02/12/1997,12272
01/08/1991,4438
10/07/1996,14687
03/05/2004,3972
28/09/2005,6156
09/05/1986,2160
15/02/1977,14697
11/05/1990,14699
27/11/1995,3546
13/06/2007,3244
01/04/2011,3380
24/02/1972,4452
13/05/1987,4454
30/10/2008,254
09/05/1989,4457
08/04/1997,2347
08/10/2003,4460
26/11/1991,4462
11/03/2008,5624
04/10/2006,4465
06/10/2012,14720
12/06/1995,4469
14/07/1989,14689
10/01/1984,4472
25/10/2010,4474
02/11/2011,6390
14/01/2008,9837
21/03/1995,9480
03/01/1994,3019
11/09/2008,1707
18/04/2005,14730
06/02/2012,11223
04/02/2003,4484
10/04/2000,14758
21/08/2006,4489
28/05/2011,14776
25/04/1979,14785
21/09/2010,4495
09/10/2009,4497
04/09/2007,4499
10/02/1988,4501
27/10/1994,14815
25/09/1986,14823
12/11/1981,11585
02/08/2004,14835
05/11/2009,14845
27/11/1997,4512
27/04/2010,8889
23/12/2008,14853
01/05/2012,15069
26/05/1997,14857
05/09/1975,14861
21/02/2006,4522
04/07/1997,4524
28/02/2008,3074
14/01/1977,12525
18/08/1988,4528
31/08/2003,4530
21/08/1998,2090
29/04/2010,4533
10/09/2010,1434
20/05/1983,4536
02/10/1981,4538
25/06/1985,4540
19/10/1982,2758
22/12/1994,14925
14/05/1991,4545
19/04/1994,1235
06/04/1984,4548
07/03/1977,12933
02/05/1988,4551
09/03/1995,4553
03/05/1983,4555
07/04/1978,12853
12/12/2007,4558
25/01/1988,4560
11/12/1979,12861
13/05/2010,3322
10/10/1989,14958
09/01/1996,14446
20/01/2006,2834
22/12/2008,4568
27/12/1974,4570
20/01/2012,14966
16/05/2007,14987
28/07/1980,12223
18/10/2002,4577
07/10/1983,14946
28/04/2005,14997
03/03/1993,11606
22/04/1988,10474
12/08/2010,4584
13/07/2004,2112
26/03/2007,15010
30/07/2012,1703
06/10/2010,142
06/02/1979,12712
12/01/1987,4503
01/02/2005,9217
21/08/2010,9566
02/08/2005,9546
24/12/2008,4596
17/02/2012,1090
16/11/2009,4599
09/03/2009,4601
16/05/2011,604
29/05/1978,15024
21/12/2011,13409
08/05/2010,9359
13/12/2002,15028
21/01/1998,9659
05/01/1966,12192
28/11/2006,4075
27/09/1996,14517
31/01/2000,15033
23/03/1984,4616
20/08/2001,4618
27/11/1991,4620
06/02/2008,4622
12/06/1990,15047
26/10/1993,13166
01/09/1994,1674
13/09/2007,4447
24/05/1999,11821
13/06/1984,15054
12/06/1989,15060
26/04/1974,4634
06/07/1983,4636
25/08/2000,4638
06/07/2000,4640
17/03/2007,4642
29/03/1983,15080
29/01/2008,4646
07/02/1990,15089
18/11/1994,10319
01/11/2010,4651
15/05/2009,4653
29/03/2000,13702
16/09/2003,13094
28/04/1999,3025
15/05/1989,10142
22/01/1990,15184
04/04/1979,15096
24/06/2012,4662
14/08/2001,9559
26/06/1989,11919
07/07/1983,4666
20/09/1995,11635
11/09/2012,15119
17/12/1986,11989
05/06/2000,4093
01/03/2004,11214
20/03/1992,4675
17/12/1999,4677
27/07/1982,13287
06/09/2011,1467
21/05/1993,4682
29/11/2007,15138
19/08/1986,4686
16/12/1987,2775
24/11/1987,4689
13/03/2011,15158
11/07/1969,4693
02/06/2004,4695
23/12/1970,4697
06/07/1987,4699
16/08/1982,4701
03/08/1987,2876
16/04/1984,4704
05/09/2002,4706
05/09/2005,13944
14/10/1996,15187
13/11/2009,15196
18/05/1983,4713
24/08/1993,4715
29/04/1992,1623
28/09/1993,4178
03/12/1985,4719
02/06/1976,4721
26/07/1993,4723
26/01/1981,4725
10/07/1991,4727
20/07/2005,7319
20/12/1989,15220
07/01/2009,15222
16/10/2003,15237
10/12/1974,4737
04/11/1992,4739
19/07/1978,4741
16/06/1993,14492
20/07/2006,15245
23/05/2008,4746
20/09/2002,4748
26/11/1982,4750
04/01/1999,4752
23/02/1989,11397
13/03/2000,4755
31/05/1982,12471
15/12/1983,4758
10/04/1985,15264
27/11/1990,13460
31/10/1978,13456
03/08/1972,15267
03/08/2011,4766
20/12/1999,14219
20/05/1980,11960
13/11/1979,10998
18/12/1979,14201
25/02/2000,15279
13/04/2004,5849
23/10/1987,15282
16/02/1979,15284
24/08/2006,4779
26/06/1979,12037
21/03/2005,543
26/07/2001,15295
29/09/1987,15298
03/02/2010,4787
10/09/2007,4789
12/07/2007,4791
01/02/1992,15309
19/09/1979,15311
03/06/2004,4797
10/12/2010,3123
11/12/2008,2429
01/02/1989,15313
10/05/2000,4803
04/04/1977,15315
21/10/1976,15321
25/09/1995,4809
02/06/1989,13870
28/02/2012,924
07/12/1987,15328
28/06/1991,15336
22/03/1996,5163
05/03/2012,2884
21/09/2005,4819
19/11/1993,4821
07/12/1998,4823
01/07/2002,4825
02/04/2002,4827
31/12/2008,15381
15/04/1986,26
22/09/2006,1157
11/02/1993,14126
23/12/1999,12616
19/07/2010,48
30/04/2009,89
08/04/1998,4840
11/05/2007,14515
12/01/2012,2067
28/03/2011,9108
04/06/2010,4845
07/07/1987,12208
25/06/1998,4848
07/11/1985,702
08/07/2008,135
01/11/2006,7434
25/09/1989,4854
10/02/1989,4856
06/08/1999,4858
06/09/1985,4860
18/05/1977,10721
29/07/2009,4863
30/06/1986,4865
17/11/2010,887
13/12/2001,4868
17/03/2009,2069
04/10/1979,11907
19/04/1982,11475
12/07/2008,216
22/10/2008,4875
02/03/2005,12147
06/09/2007,4878
23/08/2005,4880
16/12/1994,4882
25/08/1966,248
08/06/1998,4886
08/07/1991,10984
09/05/1972,13674
16/06/1998,2965
30/09/2011,367
29/04/2008,285
30/12/1993,315
01/09/2005,277
10/01/2008,339
30/03/2012,347
13/12/1973,4901
14/10/1999,4903
30/03/1998,4905
07/11/1990,444
16/06/2003,4909
14/06/1999,12274
17/10/1985,4912
01/05/1991,4914
25/02/2011,4916
27/11/2003,4918
07/04/2012,4920
23/06/1995,4922
20/07/2012,4924
28/09/2012,2443
07/10/2010,5678
17/08/1973,11406
22/01/2003,11203
23/06/1977,14692
04/05/2010,4931
10/05/1996,13146
09/12/1999,13803
05/07/2012,623
06/01/2000,633
04/05/2005,4939
24/02/1993,4941
23/12/2011,653
11/06/1999,10099
13/10/2003,4946
08/12/2011,670
27/03/1979,4950
20/06/1995,4952
29/04/2004,4954
13/06/2001,4956
07/08/2012,15213
28/01/1994,12325
06/11/2009,717
28/10/2002,4962
04/07/2011,5260
25/07/2000,3747
31/10/2000,4966
07/11/2001,4968
29/10/2010,740
24/04/1972,4972
15/03/2004,9817
15/02/1984,4975
27/05/2004,4977
06/06/1990,537
27/10/2008,4980
27/03/2000,4982
08/05/2009,4899
07/07/2005,12602
02/10/2012,823
04/11/2010,838
04/12/2002,4990
06/12/2006,859
24/11/1989,4994
19/07/2006,869
27/05/2010,928
14/11/2011,13807
06/07/2007,6701
18/02/1999,3352
28/05/1983,5003
27/07/2004,932
27/07/1976,13901
12/12/1984,5008
01/11/2005,5010
17/01/2002,5012
22/08/1994,5014
13/02/1996,15368
18/07/2008,981
28/01/1980,5019
09/12/1992,5021
23/07/1985,571
06/02/1990,14684
10/12/1991,5025
21/12/2010,5027
12/08/2011,5503
18/05/2009,5031
13/10/1980,5033
03/12/1992,5035
09/02/1980,13435
12/05/2004,5038
23/11/2009,675
14/06/2012,1078
16/04/2007,8997
31/10/2001,5044
30/09/2005,1137
27/11/1985,1189
05/11/1981,1244
18/07/2007,5052
15/01/1994,5054
26/10/1978,1304
13/01/2009,4271
11/11/1994,12215
30/07/2008,5060
03/02/1992,11441
10/01/2011,5063
28/12/2010,1354
18/01/1990,10220
05/05/1987,12028
02/07/2012,1384
01/02/2011,1977
31/10/1977,2256
06/06/2012,1417
20/10/2008,6619
01/07/2006,5076
18/04/2008,5078
25/03/2012,5080
27/06/2003,5082
07/02/2011,4493
06/02/1986,5085
03/08/2010,5087
05/08/1994,7503
09/11/1998,5090
17/10/1991,5092
26/12/1983,12344
18/06/2012,2763
18/10/2005,5096
25/08/2010,5098
01/05/2010,5100
20/11/2000,5102
06/11/2006,5104
06/04/1998,9526
14/07/2004,10869
02/07/2009,12432
17/04/1984,10854
14/08/2009,5110
31/01/1984,1567
10/07/2008,2705
30/06/1995,10349
06/04/1995,14756
29/07/2010,5050
09/05/1991,5118
20/02/2011,5120
10/04/2012,3212
31/08/2009,11758
19/11/2010,1584
14/05/1990,12456
27/11/1996,11300
27/04/2012,1594
06/07/2006,9466
21/08/2012,5131
11/06/2002,2673
31/01/2005,1615
22/09/1994,5136
05/09/1978,5138
10/03/2010,4260
22/08/1989,1645
27/02/2009,5143
22/07/1982,1666
29/03/1993,13314
15/06/2005,5148
13/06/1996,5150
23/01/1989,10834
08/05/1978,5153
21/12/1987,4709
21/11/2011,1686
18/05/1989,12035
10/08/2010,1720
23/11/2011,1749
12/11/1986,1758
04/08/1981,12822
21/07/2011,1770
19/04/2012,3420
03/05/2005,5169
01/02/1990,12503
17/09/2009,5172
18/06/2009,2086
03/09/2001,1786
22/09/1988,1792
30/05/2003,1536
13/09/1991,10069
07/04/1993,5181
19/11/1992,8989
17/10/2007,2629
29/05/2007,1810
07/08/1987,5187
12/08/2003,5189
07/10/1986,1856
04/07/2012,1969
17/04/1996,13228
16/04/1991,1886
16/11/2006,3301
14/12/2006,3683
11/10/1988,14156
14/11/1969,12231
29/07/2005,10804
19/03/2007,5202
17/01/2008,5204
31/07/1990,1922
14/01/2002,12795
08/10/2012,1974
21/06/2004,5211
05/01/2011,1981
27/12/2005,1983
06/04/2004,4831
12/01/1981,11508
01/06/2011,2001
24/03/1999,14475
28/09/2007,5222
20/03/1995,5224
16/02/1995,2039
10/01/2012,2041
24/06/2003,5230
19/10/2005,1737
12/12/1979,5233
01/07/1997,5161
24/05/1984,13890
10/11/2008,2071
04/10/1984,5239
10/02/2011,1788
09/05/1996,5242
19/11/2002,5244
08/03/1984,11534
04/12/1987,13708
28/07/2011,6516
03/11/2011,7692
20/01/2009,5250
25/11/2003,4021
30/11/1990,10092
01/06/2010,2129
28/08/1985,5256
13/09/1994,12142
10/05/2010,4213
31/05/2010,2170
13/01/1992,5262
14/03/1985,5264
19/09/1989,5266
14/12/1993,5268
08/07/1977,9504
08/11/2011,2005
12/03/1992,5272
18/01/2010,2279
01/07/1992,5276
08/03/1990,5278
18/07/2012,2290
08/11/1994,9777
27/08/2010,2296
08/04/2003,5285
28/11/2005,5287
09/07/1993,5289
20/05/2005,2349
19/10/1979,5293
28/08/1996,9322
18/02/2000,11910
16/10/2006,2369
11/06/1980,9511
06/03/1979,5300
03/11/2003,2493
02/07/1992,11049
01/02/2010,2455
04/06/2012,2394
14/02/2010,5307
15/06/2010,5309
11/06/1985,5311
02/07/2008,2413
26/01/2009,5315
10/11/1977,5317
23/07/1991,5319
31/03/1992,5321
15/06/1992,5323
07/05/2001,5325
18/11/1997,5327
09/08/2001,5329
22/06/2012,2491
23/10/2006,5332
05/10/2009,5334
10/08/2000,5336
12/05/1999,5338
27/06/2012,2584
23/03/2009,5342
05/02/2001,5344
17/03/1999,5346
21/03/1972,5348
18/10/1999,2607
14/03/2002,15022
28/06/2006,2659
05/06/2008,5355
18/04/2011,2735
20/01/1995,5359
06/03/1995,5361
19/12/2007,2783
11/08/2010,2810
13/09/2012,759
07/07/1995,765
14/03/2001,5369
25/06/2012,2845
04/03/1997,5373
20/01/2005,11664
25/03/1997,14188
31/01/2011,2850
30/01/1995,5379
23/12/1997,5381
22/09/2009,6743
28/04/2010,2891
09/09/2003,5386
18/05/2010,303
06/03/1981,1764
01/03/2012,2909
26/03/1999,5392
30/01/1986,11358
19/06/1991,5395
22/05/2002,5453
22/09/1981,5398
27/01/2004,5400
30/04/1992,13764
09/03/1977,13759
03/06/2011,4310
04/08/2006,343
31/05/2004,5406
11/04/2000,4184
18/11/2011,2920
05/06/2002,5411
22/08/2001,5413
19/02/1991,11439
10/07/2012,13124
11/02/2005,9163
27/07/1981,5418
08/12/2005,5420
12/05/2011,2955
25/07/2012,2972
30/06/2005,5426
08/08/1986,5428
08/09/2006,3039
24/05/1994,3000
01/09/1998,4091
08/06/1981,5434
23/02/1994,5436
12/03/1986,5438
21/05/2001,5440
22/06/1990,5442
16/11/1978,12054
13/10/1969,5445
16/08/2011,2074
19/11/2003,3132
15/03/2007,14768
22/02/2007,5451
28/08/2007,3165
21/11/1994,763
24/07/2012,4873
06/05/1996,3179
31/05/2012,2623
26/04/1991,4735
15/05/1998,9940
23/10/2010,3181
18/08/1981,13359
23/07/1990,14292
07/04/2011,3198
04/04/1989,1530
04/10/2011,4380
03/10/2012,7999
20/06/2012,3214
15/01/1992,1209
29/02/2000,8910
26/07/2002,12092
29/08/2011,12098
13/04/1976,14012
05/02/2002,13118
26/11/2010,3252
15/09/1986,9763
23/05/1972,14130
25/09/2009,5483
11/12/2010,5485
24/06/2009,5487
10/11/2005,3303
14/10/1986,3325
23/04/1991,11420
23/07/1987,10518
03/07/2012,2003
18/05/1994,5495
14/03/1974,11578
11/10/2007,5498
04/12/2010,15041
10/01/2007,5501
25/11/1983,11740
20/10/2006,341
04/07/2001,15239
04/07/2006,3372
14/12/2009,5509
17/02/1995,10826
09/11/1990,12983
11/10/1966,5513
22/02/1984,5515
17/11/1997,14902
30/10/1996,5518
20/04/1998,3409
17/04/2000,5522
13/08/2010,3754
02/10/2007,3438
18/08/2004,10541
12/05/1998,5528
23/07/1996,5530
06/12/2007,5195
27/09/2000,3487
30/11/2006,3043
01/12/1987,3504
08/10/2008,5537
16/11/1998,3519
13/04/1999,1814
22/10/2007,4256
05/11/1991,5543
19/03/1982,9599
08/09/2011,5546
01/06/1978,11136
29/06/2006,2523
09/04/1992,1175
22/03/2010,2282
30/09/2008,5552
16/09/1986,10633
23/04/2012,3646
27/09/1988,5557
31/03/1993,5559
28/03/2012,2808
14/03/1997,11651
07/12/1982,13289
04/09/2012,12790
14/01/1982,13278
01/03/2010,10106
28/11/2011,4351
02/09/2011,853
18/06/1986,10511
07/05/1982,12205
11/05/2010,3670
21/01/2010,5573
05/06/1989,5575
28/08/1990,5577
15/02/1990,5579
15/09/2011,3745
30/05/1983,5583
14/11/1990,5585
28/10/2011,3809
26/05/2009,5471
07/10/2011,5590
18/08/2008,12773
09/08/2010,4348
24/09/2012,5594
12/03/2001,5596
17/02/2011,3200
04/08/2011,3834
29/01/2003,5600
25/06/2011,5602
30/09/2003,3879
24/04/2012,5479
10/10/2003,5607
25/01/1991,5609
30/06/2010,5065
17/04/2008,9080
11/07/2011,3954
21/10/2008,3933
14/07/2011,5616
24/08/1998,11257
19/05/1980,13301
30/06/2006,5620
25/08/2006,4062
04/12/2008,4114
24/06/2008,1145
23/12/2010,3102
16/10/2009,4146
22/12/2006,5630
25/06/1993,9550
21/10/2005,4167
03/04/1989,14313
20/05/2011,10208
05/07/2004,11935
04/02/2005,2771
03/11/1992,12492
16/12/2004,4174
02/08/2006,5642
27/03/1997,5644
25/08/2011,3185
13/08/2007,4217
04/05/2007,4231
10/08/1994,4258
23/03/2000,4264
07/02/1994,4304
23/04/1998,14176
19/06/1987,15091
13/08/2001,5659
25/10/2011,360
21/06/2012,4328
17/11/2009,5664
20/01/1981,13475
13/06/2006,4783
23/01/2009,5668
13/01/2000,14910
19/07/1985,14076
05/07/2006,11522
21/12/1999,5673
01/07/1983,5675
18/05/2007,6854
19/01/1979,4384
26/08/1999,11159
09/10/1991,5681
31/08/2010,250
13/04/2007,5684
02/05/2001,2932
29/03/1995,11312
30/06/1997,4411
26/06/2002,5690
04/11/2005,1120
03/07/1997,12781
05/09/1990,5390
13/02/2008,15140
14/04/1987,1290
03/09/2007,5697
13/10/1993,5699
02/07/1981,5701
25/06/1990,3096
20/09/2005,5704
30/01/2003,4207
17/04/2007,2573
09/07/1992,5708
29/03/2011,4491
20/05/2012,9009
20/04/1983,13116
08/05/1991,10773
23/06/2003,5715
22/10/1980,5717
05/02/1997,311
11/11/2010,2942
15/12/1981,5721
30/07/2003,9166
26/10/2001,4580
26/01/2011,4587
20/03/1997,5728
15/02/1978,5730
26/06/2009,3979
30/08/2010,97
15/09/1997,5734
10/06/1998,4897
01/06/2000,5737
24/01/2001,5191
09/11/2011,4670
31/05/2000,5742
18/06/1997,5430
11/10/2000,5745
04/05/1990,4711
20/05/1999,5749
31/10/2008,14714
16/07/2007,11829
01/01/1997,8931
13/01/2004,5754
02/07/2004,5756
05/08/1998,5758
05/12/2007,5760
25/06/2009,4760
06/10/2003,5764
15/08/2011,4795
04/04/1972,9648
21/05/1998,4805
22/05/2009,7066
16/11/2011,4815
07/07/1994,4851
27/01/2012,4892
17/09/2010,761
22/05/1995,4907
26/10/1989,5780
03/10/2007,944
14/04/1982,12001
15/09/2010,5784
27/10/1988,5786
13/04/1998,5788
18/11/2005,5790
19/05/2005,4988
10/06/2010,2593
01/11/2004,5795
18/06/1970,11248
05/03/2010,4992
26/08/1976,5800
04/02/2000,5802
26/01/1996,5804
13/07/2001,4998
25/05/1999,5808
16/05/2000,5810
11/07/1989,5029
30/01/2001,5814
04/09/1998,5816
02/09/2008,5818
29/07/1999,13720
18/09/2003,12792
19/05/2008,5822
15/12/2005,5824
19/06/2012,5073
18/12/1978,9197
11/11/1985,14057
15/03/2002,5830
22/02/2002,10108
29/11/1971,5833
15/07/1999,5835
19/07/2011,5159
18/11/2010,2635
06/12/1991,5840
10/10/2012,597
08/11/2001,5843
15/09/1982,5845
25/01/1978,5185
03/03/2010,5209
12/08/2004,5851
30/05/2011,5215
21/05/1996,5855
13/07/1995,5857
01/07/2008,3739
28/05/1980,1860
16/08/2005,5861
26/06/1992,14100
20/04/2010,5864
03/02/2009,5866
07/01/1993,5868
05/05/1983,5870
21/09/1988,5872
27/09/2012,1140
05/08/1993,14533
25/10/2000,3762
25/06/2010,5877
03/06/2003,11825
03/11/1981,5880
12/07/2010,1699
07/03/2003,5365
31/12/2010,14653
13/01/1994,5886
21/05/2012,5724
21/08/1987,3726
05/09/1969,5890
04/11/1985,9772
13/03/2003,12210
13/01/2012,5894
22/11/1993,9082
05/01/2009,5409
04/08/2009,5899
27/09/1994,5448
23/08/2007,12067
07/03/1990,5457
06/04/2006,13033
07/05/2009,2049
04/06/2009,5489
29/05/1990,1300
04/10/2001,5911
10/11/2006,9699
22/08/2003,11613
29/08/1995,12203
27/05/2008,5507
02/09/1998,5640
12/05/2003,5919
07/12/1989,15071
28/02/2003,2945
16/01/1974,14933
16/06/2009,983
29/08/2002,10796
15/10/1996,10731
10/03/1989,9040
19/11/1990,774
06/10/2004,13739
21/05/2011,15143
17/07/1980,9206
31/05/1999,9395
13/03/2009,5933
15/03/2011,1784
03/08/2001,5936
17/01/1992,9577
15/06/2011,5604
16/05/1988,5941
05/06/1998,10492
26/10/2010,122
12/08/2009,10139
24/08/2001,5649
26/01/2012,5651
06/11/1987,5950
27/12/2007,5952
21/05/1992,5954
25/03/1975,10355
21/10/2011,5254
17/02/2000,14636
19/11/1997,5959
13/07/1976,15114
01/02/1979,12826
10/08/1998,5762
07/11/1991,5965
06/05/2005,5967
08/12/2003,5969
03/03/2006,5971
06/02/2007,5798
07/06/1990,5283
10/02/1998,5976
12/06/2012,2557
29/12/2004,5979
27/12/1985,5981
25/04/2002,13992
17/05/2011,2462
01/07/1991,5853
16/12/1986,5987
07/03/1997,5989
14/05/1986,5991
06/08/1997,5993
08/02/2010,5901
11/03/2011,5908
07/01/2011,2122
04/06/2003,10290
22/02/2010,5948
28/06/2005,10584
27/03/2001,6004
01/10/2007,8338
13/10/2012,6007
08/08/2005,13716
13/09/1977,14960
23/05/1996,11974
27/04/2011,4604
30/08/2004,9474
19/12/2001,11950
13/09/2010,5525
11/11/2011,2385
30/06/2011,1352
26/06/2007,13813
10/10/2002,5963
30/05/2008,15129
22/09/2010,5973
02/04/1986,15177
14/02/2000,14546
26/04/1985,6026
01/08/2011,2554
17/02/1989,6904
27/04/2006,6030
27/02/1984,6032
16/05/2006,6034
14/04/2008,3865
19/05/2011,5622
09/06/2005,10245
02/08/1991,11526
02/03/2012,663
05/05/1997,6041
02/06/1999,6043
13/05/2011,6109
01/10/1996,6047
18/04/1996,6049
05/03/1990,13961
07/12/2011,4353
13/02/1991,11399
07/03/2012,661
26/09/2011,14840
06/12/2011,2288
08/03/2012,6057
29/12/2009,6001
14/06/2011,3817
19/08/1997,6207
07/07/1989,6259
19/03/2008,6065
21/11/2010,6067
22/10/2004,6069
11/01/2008,24
28/08/1989,14656
26/12/1996,14614
24/05/1993,6074
27/10/1993,6300
13/03/2012,708
11/11/2009,5826
28/05/1993,6080
07/12/1999,6082
26/11/2007,6084
08/01/1990,13342
21/01/2003,6087
16/10/1974,6089
18/05/2004,2136
17/12/2007,11194
12/06/2009,6093
04/04/2000,6095
22/10/1984,11552
03/03/2011,12938
11/01/2012,6099
25/07/1996,4632
19/11/1976,13385
23/05/2006,12886
23/06/2009,6571
01/01/1979,6105
16/12/1982,6107
01/09/1989,6429
09/11/1992,6441
10/05/2002,10877
17/07/2008,6474
05/08/2011,1455
12/04/2012,611
11/02/2011,5555
21/06/1991,6119
30/04/2008,6121
14/01/1985,6123
03/11/1986,6125
26/09/2002,6127
29/09/1998,6129
16/09/2010,212
21/05/1981,6132
29/07/1985,5145
30/07/2004,6135
10/11/2000,6137
07/12/2000,6139
08/02/1974,14015
07/11/2008,6142
21/10/1994,6632
20/12/1984,11984
10/02/2010,2848
26/04/1984,13556
09/04/2003,5297
10/02/2009,6648
05/01/1993,6152
12/03/2004,6154
16/07/1999,6733
21/11/2000,6158
04/05/2012,2134
01/01/1942,6161
03/07/1992,6164
08/04/2009,3868
27/12/2010,5726
03/03/1971,6168
20/11/1986,6827
05/03/2001,6172
12/04/2002,2578
30/01/1989,10325
09/09/2004,6176
04/07/1986,10980
30/11/2000,4400
27/03/1996,1756
04/10/1995,6181
10/03/1980,6183
21/07/2010,4807
01/10/2011,6186
28/04/1994,6188
05/09/2007,9751
09/12/2004,6191
18/01/2011,13995
18/11/1981,12591
26/03/2011,6195
25/07/2003,6197
07/06/1991,6199
22/03/1985,12926
16/05/1995,13718
17/12/2004,6919
04/11/1993,7530
10/12/1996,639
12/05/2010,6922
01/06/2005,6925
17/01/1978,6211
07/08/2007,6213
12/08/2005,6215
21/01/2005,2445
02/03/1995,11318
23/10/1972,6219
28/08/1998,6221
17/10/1984,6223
30/04/2003,11057
11/03/1999,6226
06/08/2010,8378
11/08/2006,4572
24/10/2008,12652
14/11/2003,6231
11/05/2012,6233
23/11/1993,6235
19/11/2011,9702
24/04/2006,6238
24/02/2006,7117
04/01/2008,5462
09/01/1990,6243
10/04/1989,7167
18/03/2002,6247
16/07/2001,13656
20/10/1999,6250
27/10/2000,1958
27/08/2007,6253
22/06/2009,7312
30/05/2005,6257
24/04/2009,7344
08/10/1986,6261
19/05/1986,7407
19/08/2010,2205
20/07/2010,15125
25/05/1998,7466
08/10/1975,6269
13/11/1990,6271
03/01/2011,7520
16/08/1966,6275
05/10/1983,6277
02/05/1997,7543
16/04/1993,12482
01/12/1993,6282
11/07/2006,7579
05/01/2000,6286
18/07/1977,15318
13/05/1998,7598
02/12/1999,9430
28/03/1988,6292
22/08/1991,11880
11/12/1972,10988
23/06/1997,5041
24/09/1993,7690
22/06/2006,6298
21/10/1987,7728
02/06/2000,12084
29/06/2010,7749
19/12/2008,3366
19/10/1999,7818
27/08/2009,3966
14/01/2012,6309
20/06/1996,13401
28/12/2006,14134
24/05/2010,6313
20/02/2009,5535
22/09/1995,11727
09/01/2012,7838
26/12/2006,6319
31/05/1977,9684
27/03/2007,6322
19/03/1986,9694
29/08/1977,6325
08/12/2006,5633
24/04/2001,6328
22/11/1985,6330
07/05/2004,6332
07/07/2003,6334
15/05/1990,6336
17/09/1990,6338
09/11/2004,15248
04/05/2009,6341
16/08/1993,6343
09/06/1975,12295
16/11/1967,6346
30/09/1998,6348
23/05/1989,14227
13/03/2001,6350
28/02/2001,6352
15/06/1989,6354
04/07/2002,12735
31/07/2012,2353
02/04/2001,6358
04/04/2006,6360
27/01/1981,10968
26/03/2010,6363
06/06/1983,8111
22/08/2002,9495
10/08/1999,6368
19/09/2000,10947
13/04/2005,6371
19/06/2002,6373
22/07/1987,5806
24/06/1983,12463
16/04/2010,920
05/09/2001,6378
13/05/1994,6380
27/11/2009,8241
20/10/1997,8262
02/05/1995,8289
01/10/2001,6388
21/08/2002,8361
07/01/2010,6392
08/07/2004,13054
29/11/1991,8383
13/07/1993,6397
21/06/1971,13606
26/01/2007,8412
17/03/1989,11804
24/07/2003,11710
06/12/1985,8486
29/10/1976,11619
04/02/1974,9632
28/08/2009,10463
05/12/1996,8516
18/11/2002,6411
12/12/2011,726
12/02/1999,8542
27/08/2003,12673
07/11/2000,10610
17/05/1983,6418
17/08/1994,6420
24/05/1989,6422
06/12/1982,6424
17/08/1998,8647
01/08/1979,3347
25/08/1999,8755
29/07/1975,4730
18/01/1980,14088
12/05/1982,6433
26/02/2009,8814
16/04/2009,8838
22/01/1973,9979
16/07/2008,959
28/05/1982,8854
10/09/1993,14206
21/10/1984,6444
23/04/2003,11524
08/04/1983,9678
17/10/1990,8869
06/10/1989,6450
05/12/1989,13433
23/05/2011,5710
07/10/1997,6454
28/11/1988,12020
13/10/2009,3364
29/11/2000,13858
03/10/2005,8884
18/02/2008,4775
20/03/2009,4038
20/10/2005,6463
19/10/2010,2292
18/06/2011,6466
21/03/2003,12814
05/09/1997,6469
15/08/2008,12173
25/09/2007,6472
19/07/2002,8901
24/05/2000,6476
03/02/1995,6478
04/06/1996,6480
11/05/2005,5946
08/05/1995,6483
11/11/1998,4429
27/11/1998,8919
01/11/1995,6488
20/01/2000,6490
05/05/2005,6492
05/11/1999,8923
08/05/1996,6170
15/11/2010,6497
08/04/1992,6499
10/02/1982,14025
18/01/1985,14952
11/03/2012,6503
17/09/2001,6505
27/01/2010,2915
25/03/2011,3449
12/07/2006,14066
05/06/1990,6510
30/08/1989,6512
03/06/2002,6514
10/07/2004,8954
22/10/1979,10810
13/09/1983,11867
20/02/2001,6289
08/02/2001,6521
06/02/2009,1104
04/08/2008,8960
06/08/1981,6526
09/05/1980,15015
28/06/1990,8971
25/05/2006,4630
07/10/1992,8984
30/09/1997,80
28/03/2001,6535
28/03/1972,12779
12/11/2010,6538
14/04/1994,14851
02/08/2002,6541
14/06/1989,6543
14/02/2002,6545
11/11/1986,6547
18/08/1989,5520
06/04/1987,6550
02/05/2012,6045
05/01/1994,6553
15/08/1989,6555
08/08/2011,2078
09/08/2011,6114
22/08/1997,6558
11/06/2012,6560
08/02/1991,6562
06/04/2001,5653
01/11/2007,6565
13/08/2012,12623
10/10/2008,3608
15/05/2000,6569
09/03/2001,9012
05/11/1993,5280
15/09/1995,20
13/07/1978,6575
09/09/2010,9020
25/07/1988,6063
29/01/1999,6580
02/02/2011,3287
11/12/2002,4515
16/03/1999,3945
07/12/2004,4935
26/05/1998,9028
12/07/2000,3345
18/08/2006,6589
11/03/1996,6591
18/07/1996,12300
16/02/2007,818
08/01/1999,9030
19/10/2009,4396
12/12/2000,946
13/07/1989,6599
24/11/1999,14544
14/06/2005,6602
13/09/2002,6604
13/12/1991,6606
21/01/1993,6608
27/10/1997,10312
30/09/2010,4518
24/05/1991,14618
27/10/2003,6613
09/07/1985,5274
12/04/1989,11977
14/10/2009,6617
25/02/1999,9051
02/10/1986,6621
02/05/2007,9061
11/12/2006,4764
16/08/1996,6626
24/03/2009,9065
18/04/1998,9071
12/08/1992,9075
04/10/2007,8957
19/03/2001,6635
01/06/1988,11902
06/04/1988,4684
20/12/2000,6639
17/11/2011,3393
12/09/2003,3644
08/09/2009,9086
17/02/2010,6645
10/11/2010,4608
28/04/1967,9094
30/11/1993,6650
08/06/2004,6651
14/09/2000,5769
05/12/1973,6654
12/07/2005,6656
10/03/1992,6658
05/08/2005,14449
06/02/1973,10970
05/01/1982,9102
21/09/2007,6662
28/04/1995,14006
27/02/1978,9106
05/12/2002,1510
19/10/1994,6667
14/12/2005,6669
20/12/2001,6671
01/09/2012,6673
31/01/1977,6675
12/03/1999,6677
19/08/1966,6679
05/08/2009,2760
03/01/2007,14573
11/07/1995,6683
23/11/1987,6685
23/06/1992,6687
30/11/2011,6689
11/09/2000,6691
30/07/2002,6693
24/10/2002,6695
23/07/1992,6697
31/10/1994,9144
02/07/2010,9157
08/12/1998,13062
14/01/2001,6704
12/12/1983,6706
19/12/2005,5647
26/11/2003,6709
22/10/2001,6711
30/10/1990,1625
14/06/1995,6714
04/07/2007,11671
01/10/1993,14091
28/08/2010,6718
23/04/2002,6720
02/12/1976,9203
01/06/1987,6723
19/07/1991,6725
16/11/2005,3578
24/02/2000,9418
01/12/1969,11501
30/08/1983,9176
16/03/1984,9183
15/04/2005,9806
24/09/2004,3585
21/02/2000,14236
09/03/1993,9190
23/09/2011,1451
09/02/1988,1277
29/11/1994,15182
25/06/2008,9193
24/09/2011,6745
11/12/1992,7958
26/03/2012,2330
11/08/2004,10862
08/03/2006,12112
04/10/2004,13496
14/01/2009,6752
31/01/2008,6754
18/12/2003,6756
09/10/1992,6111
29/07/1993,6759
15/05/2010,6761
09/09/2009,6763
10/02/1999,5747
12/06/2002,6766
03/09/1986,14667
03/09/2003,4564
02/05/2000,12537
16/06/1989,14432
23/03/2001,6772
07/07/1992,12378
01/03/2002,6775
10/08/1992,9209
25/10/1989,6779
11/02/1981,6781
16/04/1997,6783
25/03/2004,9219
25/11/1992,10074
13/11/1986,9221
21/03/1986,9228
08/08/1983,6792
15/09/1999,10910
19/05/1997,3616
12/09/2011,6796
23/06/1986,9139
16/01/2012,9237
23/07/2009,9249
26/07/2000,6803
30/10/1985,9447
23/08/1989,12783
20/01/2011,6807
10/10/1986,5587
12/08/1996,6810
27/04/1994,6812
26/08/1994,15201
29/08/1986,6815
19/09/2008,3429
17/04/2001,6818
31/03/2011,8414
03/02/1999,6821
13/10/1992,6823
14/03/2006,6825
12/02/2009,9276
02/01/2002,15274
15/06/1983,13593
25/10/1977,14644
01/09/1997,3597
14/11/2001,6833
17/02/1998,10435
11/05/2011,3802
07/10/2005,5206
18/02/2005,10163
15/02/1980,11378
23/01/1980,13547
10/10/1990,9285
15/06/1998,13919
09/08/2006,4320
07/10/1993,6845
15/02/2001,9293
04/11/1996,6849
11/10/2012,10255
18/05/2011,6852
10/01/1979,9306
31/05/2006,2495
05/06/1974,15020
24/03/1987,5740
29/07/2011,5778
24/01/1991,4894
02/12/2009,4838
17/11/1992,14531
21/05/1986,9308
27/02/1997,9315
07/03/2006,3695
27/06/2011,2935
26/10/1979,9317
02/11/2010,6871
26/11/1987,9329
10/11/1998,9334
31/07/2006,6877
07/05/2012,2184
25/08/1997,2870
08/10/2011,9339
10/05/2011,6883
08/05/2007,9352
11/03/1992,13872
23/10/1995,2014
22/04/2012,11464
07/06/2000,6889
06/10/2006,9365
03/08/2007,11005
02/02/1983,9199
27/07/2005,6895
20/04/2000,6897
26/04/2002,4481
18/05/1990,11022
16/11/2010,6901
05/06/2012,2024
08/06/2000,9380
13/08/2009,12835
21/09/2011,6386
10/12/2007,6908
04/02/2011,13999
26/08/1997,12741
06/10/1997,9387
30/05/2012,951
15/07/2002,6915
23/07/1993,6917
20/08/1996,9392
24/10/2011,330
19/01/1989,9403
13/05/2005,13788
08/11/1991,9412
14/09/2005,14146
18/04/2000,9610
04/06/2008,8950
10/04/2007,6930
11/11/1983,8981
23/01/1992,8381
18/12/1991,6934
14/12/2001,6936
27/03/1985,6938
15/10/1986,6940
17/10/2008,13021
29/02/1988,6943
04/08/1989,6945
26/09/1989,513
03/09/2002,6948
06/07/1990,6950
07/04/1998,9001
20/11/1997,6953
25/09/2001,6955
24/02/1986,9454
15/06/1990,13921
25/08/1988,14498
26/02/1988,9161
14/10/2010,13084
04/12/1978,12838
03/06/2005,6964
12/09/1991,13558
09/10/1985,9462
25/03/2008,10179
29/04/1994,11432
23/09/2002,6971
06/09/2002,6973
15/09/2003,6975
25/09/2012,6977
11/11/1987,14711
03/11/1997,2174
03/07/1979,6981
26/10/2011,1426
30/09/1988,12473
16/03/2009,14258
02/04/2012,6414
03/11/1994,9478
28/04/2003,6989
12/10/1990,13316
26/05/1993,9484
16/01/2011,6994
20/05/1994,9488
30/03/2011,625
15/01/1969,9493
23/08/1991,7001
05/07/1999,9497
15/01/2008,10808
05/02/1976,7006
20/03/1980,13574
02/07/2007,7009
18/01/1978,10692
28/01/2000,7012
26/12/2002,7014
01/06/2007,7016
04/09/2001,10415
22/07/2002,10408
23/03/2012,1741
10/01/1997,7021
14/06/2006,8962
31/10/1991,7024
12/08/1980,9506
02/03/2007,7028
07/11/2007,5847
29/01/1979,14119
30/01/1992,6267
05/08/2010,1790
03/08/1988,7034
27/04/1990,9513
11/10/1994,5228
02/05/1994,7039
07/03/2001,9523
19/09/2001,7043
21/03/2001,5792
19/04/2002,7046
08/11/2006,1573
30/08/1996,4772
17/08/1966,7050
19/05/1999,9528
02/04/2010,9530
03/08/1990,9535
26/01/2001,7058
06/04/2010,64
10/09/2001,13734
01/10/1985,9320
03/11/1989,12056
12/12/1994,7064
29/12/2005,9544
20/06/1983,9548
27/04/1992,930
23/04/2010,8995
20/12/1967,7072
13/12/1999,9552
10/08/2005,7076
14/04/1980,11088
29/02/2012,7079
05/12/2003,7081
04/07/1990,7083
19/06/2007,7003
22/01/1971,12604
05/11/1998,11206
07/10/2003,7088
14/02/2001,5422
27/04/1989,1943
26/06/1991,7092
05/07/1993,7094
17/01/2005,9579
29/05/2000,7098
12/11/1998,9586
31/12/1997,13830
07/05/2003,7103
18/01/2005,2725
29/09/2006,7106
21/02/2002,7108
07/02/1985,7110
05/09/1984,7112
01/08/1989,2843
06/11/1980,7115
19/06/2010,9604
24/10/1973,7119
30/07/1986,7121
02/12/1988,14941
12/06/1996,2142
19/05/2010,9617
03/12/1993,7127
11/06/1968,13799
19/01/1993,7130
16/01/1978,7132
03/11/1993,7134
19/05/1992,7136
15/04/2009,7191
03/12/2008,12800
01/07/1999,7140
15/02/2000,7142
19/09/1994,7144
12/10/1977,10929
28/12/1993,7147
19/08/1988,7149
26/07/1988,7151
04/12/2007,2262
20/02/1984,7154
20/04/1993,1664
05/09/1991,7157
06/01/2011,7177
24/03/1993,10550
26/09/1977,9650
26/03/1987,7163
15/08/1991,7165
01/07/1982,9656
16/08/1994,13060
13/12/2000,11503
05/10/1987,12953
08/03/2011,7172
05/11/2007,7174
16/07/2010,5539
11/09/1996,9663
23/11/1992,7179
17/05/2002,10267
03/04/2006,7182
22/04/2010,7161
25/11/2011,6785
18/03/2004,5166
05/07/2011,3841
30/04/1980,11782
07/11/1995,7189
11/03/1993,9673
19/05/1998,7193
14/04/2010,7195
25/05/1990,10974
06/01/1983,12328
06/10/2009,4172
24/02/2011,7200
06/12/1979,9705
27/09/1983,10527
20/07/2004,7588
08/07/1980,12180
03/07/2009,6303
29/04/1993,9682
04/05/1982,10994
24/05/2002,7210
22/11/2005,4196
21/03/2012,2320
08/12/2004,7214
18/12/2007,7216
01/06/1993,12332
01/06/1996,7219
19/06/2006,6255
01/12/1998,7222
20/01/1992,9769
28/07/1981,7226
02/04/1998,10388
02/10/1995,7229
14/02/2008,7231
19/03/1990,15082
11/09/2009,2800
21/12/1988,7235
08/12/1987,7237
18/10/2001,10889
10/03/2000,7240
09/12/2005,9709
09/12/1983,12319
18/06/2007,9711
09/04/2008,1153
28/05/1990,2264
28/06/1999,7249
26/08/2002,183
30/03/1993,11437
18/10/2010,7253
30/03/2004,7255
20/12/2011,9722
06/09/1974,11126
08/10/1980,7260
17/05/1971,11174
26/03/1980,7263
02/04/1984,7265
21/10/1974,9933
28/04/2012,7268
14/02/2012,30
12/09/2007,9755
11/10/1982,12859
05/05/1999,13864
06/12/1990,7275
23/11/1973,7277
15/08/2005,7279
21/05/1968,7281
04/07/2000,7283
22/05/2003,3089
02/07/1990,7286
21/11/1983,7288
07/05/1996,7290
21/06/1977,13879
29/06/1983,7293
03/06/1987,5134
21/08/1990,1879
14/01/2004,9795
23/04/2008,9798
25/08/2005,14736
07/07/1986,13533
31/03/1975,15093
01/01/2009,7304
26/04/2007,9801
20/01/1997,5226
20/06/2000,9034
07/08/2009,7310
30/01/2007,9804
28/01/2011,706
21/11/2008,7315
06/04/1992,7317
19/02/2003,9815
31/05/1995,5766
15/09/1994,8933
25/04/2011,9628
27/07/1994,7100
04/05/2006,6665
04/09/2008,9823
04/12/1967,14307
17/10/2006,5916
01/02/2008,7330
07/11/1979,10523
04/03/2005,6203
05/01/2004,9847
07/12/2009,2362
18/10/2006,7337
09/11/2005,5628
02/08/2011,5046
02/09/1986,5005
22/02/2006,6437
02/09/1997,3152
08/03/1976,9860
09/09/1985,2158
23/02/1988,7347
20/07/1993,9872
01/10/1990,9344
06/06/1984,12257
03/07/1996,7353
19/02/1997,12631
19/05/2003,9737
23/01/2003,7357
12/07/1979,12833
18/12/2000,7360
05/02/1988,7362
14/09/2011,979
06/07/2012,5662
25/03/2009,1072
01/11/1992,12348
15/09/1992,7368
13/02/2011,7370
01/10/1992,13510
21/05/1990,13520
13/10/1981,10729
13/08/2002,1520
18/05/2012,694
15/04/1997,9588
28/01/1993,12716
02/06/2006,6875
24/05/2005,13356
24/10/1995,7381
11/07/2001,9104
14/10/2011,6532
21/03/2010,11912
22/11/2007,9896
18/02/2010,9131
20/07/1995,14050
01/12/2010,3262
27/05/1999,11791
08/01/2007,7207
30/01/1991,11536
07/01/1974,10287
05/10/2011,2441
04/05/1971,7396
25/03/1993,7398
03/06/1970,7400
11/06/2001,7402
14/06/2002,4986
15/12/1992,7405
04/11/1994,9916
09/11/1988,7409
26/07/1974,7411
20/04/2006,7413
01/03/1996,7415
08/05/1985,523
09/07/1997,7418
11/07/1994,9555
19/01/2001,7421
30/06/1988,14770
01/08/1988,7424
19/08/1985,12030
07/11/1984,3395
01/01/1982,7428
12/04/1977,7430
26/03/1974,7432
08/03/1999,9938
06/05/2009,7096
05/08/1981,11597
26/08/2003,3733
23/05/2007,9268
18/12/2009,7074
11/06/1987,10535
05/04/1990,458
24/08/1995,647
24/02/1997,6987
15/02/1979,7445
23/09/1993,7447
01/09/1977,10227
05/10/2007,14111
08/06/2001,9450
19/10/1983,7452
01/07/2011,2467
30/03/1992,14610
29/08/2008,7456
04/02/1999,10327
02/07/1997,12686
14/01/2010,7460
13/11/1989,14949
14/10/1992,7463
18/03/2008,14153
17/09/2007,6317
21/12/1994,9956
09/01/1991,14208
30/06/2000,7469
12/06/1984,14311
02/08/2010,4836
21/08/2007,10568
30/08/2001,7474
28/11/1975,12144
11/08/2003,7477
26/04/1995,7479
14/07/1994,7481
29/11/1995,7483
05/12/2000,6865
24/09/2002,7486
10/07/1995,7487
03/06/2009,2552
26/04/2001,3264
31/12/2003,7491
01/03/1994,965
26/09/2005,7494
19/01/2011,3139
27/01/2005,6019
27/03/2003,7498
03/03/1997,5112
14/09/1987,9985
29/11/1993,9990
24/11/2010,5466
04/10/2000,1542
01/08/1995,7507
24/11/2007,9251
27/08/2001,13378
05/05/1980,13952
21/03/1994,69
20/01/1999,3021
28/08/2008,9120
09/06/1982,11472
08/09/2010,3451
27/03/1989,7517
21/06/2000,789
10/07/2007,10004
04/02/2004,7522
27/05/2002,5219
27/04/2005,7525
22/03/2011,2720
11/02/2008,7528
17/12/1992,10019
28/05/2002,3249
06/12/1999,7533
18/11/1996,6999
04/11/2008,9112
05/05/2006,10029
22/08/2006,7539
03/07/1995,7541
13/11/1987,10038
31/08/2006,7297
20/07/2011,1962
30/04/2002,7547
24/06/2005,14454
30/10/1969,13423
26/11/2009,7699
10/08/1993,7552
16/02/2012,4237
08/01/2010,1713
19/08/1998,7556
13/11/2007,7558
27/12/1972,7560
04/11/2009,1559
31/08/2001,7563
16/10/1997,8879
27/06/1990,7566
15/02/1989,6996
15/09/1989,10049
07/07/2006,3720
05/08/2004,14059
09/04/2007,4884
24/03/1982,7574
05/11/2010,3206
09/03/2007,7577
08/12/1989,10060
31/10/2003,7581
14/09/2004,7583
15/10/1987,10067
14/04/2005,13797
20/09/1991,10071
26/09/2000,7590
09/03/2004,7592
04/09/1981,10079
24/07/1998,7596
23/04/1987,10083
19/11/1998,7600
19/07/1999,7602
17/08/1999,7604
29/11/2004,7606
30/09/1983,10939
05/06/1986,7609
26/10/1971,7611
15/07/2008,1292
29/03/1985,7614
04/08/2005,11192
15/12/2003,10937
07/07/1970,12989
02/04/2008,7619
11/10/1976,10705
17/05/2007,3087
08/04/2011,8722
16/01/1997,1051
17/03/1994,7625
24/01/2005,2373
20/02/1989,9174
20/03/2001,6245
31/05/1988,7629
06/10/2011,6847
07/11/2005,7632
17/10/2012,13477
22/12/2005,14847
14/08/2003,3027
12/08/1997,9375
26/10/2007,7638
28/07/1982,2010
07/02/2001,11564
06/10/1970,12350
08/06/2007,7643
30/08/2007,7056
11/06/2008,7646
14/01/2011,10110
14/05/1999,13220
22/02/2011,5371
09/11/2006,7652
04/12/2006,6869
25/05/2012,1092
26/07/2004,4486
09/10/2008,7657
29/09/1999,7659
15/01/1991,7661
13/02/1980,12803
14/07/1999,13101
06/09/2000,7665
23/04/1999,9331
03/03/1986,15215
02/05/2002,7669
18/02/1992,10135
21/04/1987,10992
29/05/2012,1399
24/09/1991,10137
17/07/1991,7677
07/11/2003,7679
05/02/2003,7681
14/02/1991,9879
07/06/1975,7684
19/02/1990,12475
16/09/1982,7688
08/08/2002,10160
27/12/1995,10168
05/02/1999,13361
29/09/2011,2387
09/07/2003,8546
09/09/1980,7697
13/05/2004,10172
03/11/2008,7701
18/06/2003,8914
24/02/2010,1718
18/03/1986,1328
15/09/2009,7257
09/08/2012,9753
08/06/2010,1350
23/06/1980,11449
15/04/1991,15077
09/08/1972,7711
15/12/2008,10189
04/07/1974,13766
09/08/1985,7716
30/08/1966,7718
26/01/1977,7720
07/05/1975,7722
28/09/2010,10204
26/08/1983,7726
17/06/1980,10214
20/03/1990,7730
28/04/1977,10229
14/07/1986,7733
07/12/1990,7735
23/05/1980,10225
30/09/1992,7739
28/01/1982,14827
13/10/2004,7742
03/03/2005,7744
19/02/1970,7746
15/03/1989,11541
12/04/1978,10234
11/07/1990,15301
04/04/1974,10015
10/05/2012,2619
26/10/1988,11417
04/03/2012,7755
15/05/2008,6409
17/04/1990,14707
22/08/2005,8940
07/01/1975,11375
27/07/2006,6395
03/05/2011,6881
20/11/2001,10146
24/04/1985,14631
04/09/1985,7765
08/01/2009,7767
11/03/1983,637
22/09/2011,3921
19/05/1987,7771
15/07/2011,3416
20/06/2005,11451
12/09/2012,3358
15/06/1993,9891
19/05/1994,10802
20/10/1981,7778
01/12/2003,3691
27/02/2007,5048
13/04/2012,613
07/08/2000,6699
21/02/2007,4785
10/08/2006,7785
14/10/2005,11367
01/04/2008,7788
26/12/2005,7790
12/01/2011,4520
07/06/1999,7793
12/06/2007,7795
17/12/1976,14316
03/12/1998,6022
04/08/1998,7799
25/02/2003,3750
17/07/1998,7026
03/03/1998,7803
22/12/2011,5124
11/12/1995,14972
31/03/2000,7807
12/01/2001,12439
23/05/2001,14603
13/08/1991,10024
05/09/2011,11531
18/01/1996,7299
06/07/2005,7814
24/02/1994,10271
30/04/2001,10273
13/01/1999,3962
02/06/1997,7821
14/12/2004,10277
25/08/1993,7825
27/09/1984,7827
30/07/2001,2036
04/05/2000,2602
13/06/1997,7831
24/11/1993,6061
23/02/2012,6891
20/03/2003,2114
22/08/2011,5772
08/03/2005,13954
21/12/2007,10302
15/04/2008,7840
18/09/1989,7842
11/11/1999,14479
25/10/1995,14994
17/10/1975,8826
30/09/1993,14106
21/01/1972,7848
19/02/2008,7850
01/02/2012,258
14/03/2012,2310
15/12/1986,10982
01/07/1988,11863
12/02/2010,749
17/12/2009,7857
19/07/1990,7859
27/04/2000,10314
18/01/2001,7863
25/05/1994,15304
17/10/1986,9304
19/07/2012,1449
12/03/2008,10323
09/07/2012,4362
24/05/2008,7871
17/05/1990,497
15/08/1985,9865
18/09/2008,7875
30/01/1997,7877
28/09/1979,14423
30/03/2010,6586
18/07/1986,7881
07/03/2005,7883
21/05/2002,7885
25/01/2005,7887
24/07/2007,7889
01/04/2003,7891
18/12/1996,7893
14/01/2003,9432
23/07/2004,4744
23/02/1981,11147
17/09/1976,7898
17/06/2003,7900
15/06/1999,60
10/11/1987,392
02/03/2001,7904
01/10/2012,7906
13/04/2010,7068
23/03/1998,14370
17/02/2003,13686
29/11/2001,7911
02/09/2004,7913
04/09/2006,13233
27/10/2004,13929
14/09/1983,14954
13/06/2008,11063
15/04/2010,1340
04/12/1992,7920
01/07/1996,3707
02/05/1968,7923
07/01/2008,7925
22/08/2000,7927
12/12/2003,7929
11/11/2005,5997
18/03/1967,9056
23/11/1976,10391
23/01/2006,10395
08/09/1993,7937
12/03/2010,1514
03/08/1981,9409
29/10/1987,12806
22/11/1996,7943
02/01/2003,7945
17/11/1995,7947
30/09/1966,8248
04/11/2011,4813
05/09/1986,7951
21/02/2011,10428
19/10/1990,9313
05/09/2008,3839
27/07/1995,4948
11/06/1991,10431
13/03/1978,9914
18/10/2007,3283
26/01/1988,9925
01/12/1983,7963
15/07/1983,7965
22/07/1973,7967
06/02/2004,15026
07/08/1979,10090
27/01/1998,13142
27/05/1997,191
09/08/2003,7973
21/07/2004,7975
05/02/1986,13371
01/03/1990,13903
20/01/1989,7979
08/08/1997,6209
03/08/1989,12368
17/06/2009,5177
10/07/2000,14753
29/10/2002,10448
14/03/1975,14513
04/06/2002,4943
22/11/2004,7989
27/08/2012,7991
30/11/2010,7993
09/10/2001,10130
17/03/2011,1378
06/10/2008,7997
05/10/1982,10472
08/10/2004,8001
09/04/1969,14873
16/09/2008,4793
24/05/1995,6279
05/04/1974,11152
12/08/1987,10476
22/07/2004,10240
05/11/1985,8010
18/12/1986,10056
16/11/2007,9574
05/11/1966,8014
14/07/1980,14252
20/12/1983,8017
18/06/1982,10484
29/01/1998,5424
09/05/2001,8022
24/10/1986,10490
28/11/1990,8026
24/09/2007,8028
29/05/1989,8030
23/08/2011,2911
25/05/2000,3853
30/08/1985,8034
09/02/1982,13597
18/03/1998,14283
28/12/1994,12619
02/12/1970,8039
07/03/1996,9025
16/03/1994,14798
20/01/1994,8043
13/10/2010,3861
23/03/2006,10299
07/04/2009,7271
01/10/2010,8048
15/06/2009,8050
09/02/2006,7052
10/07/2003,13792
23/01/2002,9652
20/09/1966,9645
23/04/2009,8056
21/07/2000,2671
28/07/2010,4140
06/06/1979,13443
04/07/1991,7036
27/11/2002,8062
20/10/1983,8064
01/06/1998,8066
28/06/1996,8068
08/01/1993,8070
08/07/2005,12302
13/08/1984,13776
28/05/2004,8074
18/10/1977,8076
01/10/1986,12461
16/10/1986,8372
01/11/2011,328
03/09/1981,10525
16/09/2011,10166
18/06/2010,2614
10/02/2012,9246
16/08/2012,8086
03/03/1999,3602
02/12/1985,10592
07/10/1998,10269
24/01/2011,1361
24/10/1983,10533
23/07/2010,8094
26/07/2010,8096
14/12/2010,8590
14/12/1988,12469
08/11/1990,10539
13/01/2011,155
06/06/1994,11316
22/12/1988,12520
25/09/2010,8105
19/12/2011,10612
13/01/1993,873
16/07/1979,8109
15/05/2001,10547
17/09/2004,8113
30/12/1991,438
15/05/1985,8116
02/06/1981,5141
09/10/2012,10253
30/10/2007,2166
17/08/2010,5056
24/02/1992,8122
20/02/2008,14116
27/09/1967,11402
20/06/2007,8126
03/12/2001,14787
15/10/2012,1342
31/08/2012,8130
06/03/1990,11388
29/01/1970,8133
23/03/2011,1064
16/05/1969,8136
27/06/2002,9607
29/03/1989,8139
30/10/1986,8141
01/08/1990,10439
13/06/2011,793
28/12/1982,10212
20/12/2004,5939
20/04/1989,9949
27/08/1992,1672
25/06/1991,11567
05/05/2008,8151
04/03/2008,8153
26/10/2006,8155
10/07/2002,9813
28/03/2008,9895
23/11/1979,15338
22/09/1999,8160
01/04/1987,8162
14/07/1998,3595
18/04/1974,10605
13/09/2004,8882
27/01/2003,8168
26/09/1974,10514
08/04/1968,13445
29/04/2002,12077
14/10/1997,8173
03/10/2011,1149
25/11/1998,8176
15/01/2010,11958
22/10/1999,8179
18/09/2001,9568
31/03/1995,2118
14/03/1980,11414
11/02/2009,12663
24/09/1987,9869
07/11/2011,358
12/11/1990,8187
25/03/2010,4369
06/03/2006,8190
22/01/1987,9310
23/01/2001,8193
02/10/2001,13128
09/07/1990,13122
25/07/1983,9963
19/08/2008,9047
11/12/1986,8199
11/03/1997,10626
23/06/2010,2351
19/09/2012,3729
17/06/2011,2460
17/05/2012,6076
30/07/1997,4035
03/04/1995,7041
31/07/2002,11767
12/07/2012,2045
01/04/1998,10631
06/05/2003,13667
03/06/1998,2125
28/08/2006,8216
02/02/1995,8218
26/10/1992,13174
05/10/1979,5156
15/02/2011,7823
14/10/1983,10216
22/09/1977,5995
18/10/2011,7386
17/10/1980,8226
20/09/2012,2961
30/09/1982,8229
05/04/1994,8231
22/07/1993,8233
04/09/1995,6486
16/08/1991,452
08/02/2012,6524
28/07/1999,8238
20/08/2002,8007
19/04/1990,10647
30/11/2005,8243
20/06/2006,10454
09/01/1976,9516
14/11/2008,12897
06/03/2008,10653
03/02/1976,8092
27/09/1973,4543
24/11/2006,8392
22/02/1983,527
19/07/1995,8254
15/07/2004,3072
23/06/2004,8257
11/07/2008,3056
02/06/1998,8260
12/08/1966,10679
13/02/2012,8849
03/02/1983,8265
19/03/1971,8987
21/06/2010,166
19/07/2007,13407
05/04/2011,4334
22/02/2005,9954
13/01/2010,1074
24/02/1989,551
18/07/1978,10686
08/06/2005,8276
16/09/1994,12131
16/04/2003,9405
21/06/2006,7334
28/04/2004,12176
23/08/2010,3673
14/07/2000,8283
03/10/2000,8285
06/08/2003,8287
24/08/1978,10695
30/03/1987,13225
20/07/1984,12949
26/03/1984,8293
08/10/2007,8295
30/10/1991,5883
26/08/1981,8298
07/06/1996,10333
18/07/1997,11853
08/01/1996,8302
12/11/1982,10046
10/03/2003,8305
05/04/2002,5291
02/02/2010,8308
06/08/2009,6240
27/02/2012,5775
16/01/2007,3571
01/05/2011,8313
31/01/2006,8315
15/07/2010,1689
04/12/2000,8318
02/06/2003,5812
20/08/1985,8321
13/05/1983,8323
13/09/2001,889
05/04/1989,8326
10/06/1999,8328
24/01/1984,12170
17/11/1999,14811
13/10/2008,3041
10/03/2011,8333
29/08/1996,9059
24/08/1989,10507
03/04/2009,10494
13/12/1990,10723
16/02/1990,10329
12/09/2002,8341
06/06/2003,1561
14/04/2009,7675
04/08/1992,8345
05/11/1986,11560
14/02/2007,3564
07/01/2012,9841
23/03/1993,8350
12/01/1983,13132
18/08/2010,5353
08/02/2007,10437
22/10/2009,8355
27/07/2009,14527
09/04/1979,8358
12/11/1980,7724
27/07/2000,10739
15/01/2002,5313
17/12/1984,1680
14/05/1982,10064
23/09/1998,8366
09/10/2006,8368
15/12/2004,8370
07/04/2004,10751
10/11/1970,8374
22/04/1992,8376
21/12/2005,10765
23/09/2003,7737
02/08/2000,10771
29/06/2000,10775
09/08/2007,2822
27/12/1999,2254
25/10/2006,8387
04/05/2011,2806
28/09/1999,7953
05/09/1995,12559
30/07/1987,10778
11/07/1996,8394
19/09/2005,144
17/12/2008,8397
09/03/1983,13528
28/06/1994,8400
03/11/2009,9401
08/09/2003,8403
26/07/2012,8405
24/06/2004,12718
25/03/1994,12182
24/04/2002,9636
01/09/2004,10787
09/06/1989,10793
16/06/2005,10800
19/04/1977,8416
24/07/2002,15229
19/08/1975,13037
15/07/2005,15207
02/07/2001,8421
28/08/2002,10806
31/10/2005,10761
14/08/1992,8426
08/05/2008,2172
10/01/2001,8429
21/03/1989,12763
27/09/1999,11102
01/11/1988,1260
09/07/1984,11304
22/10/1985,15323
02/04/1993,5330
24/01/2012,6738
21/06/2005,13536
15/07/1982,10996
17/10/1997,13909
26/09/2007,2358
03/02/2003,9088
05/02/1996,7713
14/08/2012,2377
17/03/1983,8445
16/09/1999,9382
03/03/1994,11349
06/05/2002,8449
09/03/2006,8451
04/03/1991,8453
31/08/1983,8455
19/05/2009,1578
14/03/2011,1359
05/04/1995,11774
21/07/1980,12842
26/01/2010,8461
19/12/2006,6426
10/11/2004,13517
02/12/2008,8465
20/08/2012,1169
17/07/1990,12160
19/04/2011,6494
29/05/2009,8470
31/10/1985,8472
21/01/2011,5655
02/09/1999,12754
20/11/1987,14876
10/09/1987,6404
19/02/1992,13769
25/04/1991,8479
23/02/1977,8481
16/05/1985,10690
16/08/2008,8484
11/06/2003,10837
15/03/1993,8488
08/06/1983,8490
03/11/2010,6382
13/12/1996,8493
23/08/2002,9542
15/05/1986,14679
04/07/1988,5017
29/11/2011,4970
05/06/2003,4960
04/10/2010,3397
06/04/2005,13395
22/10/2002,8502
26/07/1984,9855
18/10/2012,1344
01/09/1980,8506
22/03/1982,8508
21/02/2001,8510
21/08/1984,1563
17/07/2010,8513
25/04/2000,4937
08/08/2006,10851
22/11/2010,13199
25/11/1997,3531
23/03/2010,8520
14/05/2008,8522
29/01/1997,10860
28/03/2006,2252
19/10/2007,8527
29/12/1995,10264
03/01/1980,7594
24/10/2007,8531
16/12/2010,3876
20/08/1984,9810
19/08/2005,6273
28/02/1996,14279
22/06/2005,8537
19/01/1998,9180
05/12/1997,8540
17/07/1995,10871
08/06/2011,4268
23/12/1994,14677
22/05/1992,10882
11/09/1989,8548
11/11/1990,14525
18/02/2011,9115
15/04/2002,4644
07/12/1984,10719
14/12/1998,12072
17/02/1978,8555
20/08/2008,14466
21/04/2012,12675
18/08/2003,8559
17/03/1998,1534
25/04/1990,11893
11/10/1985,15001
29/06/2004,13562
02/01/1991,8565
01/08/1992,8567
17/10/2001,14403
17/08/2011,322
19/11/2009,4229
17/05/2010,8572
09/12/1993,11997
05/03/2004,8575
13/07/2012,6529
21/07/1999,12123
12/04/2011,13924
28/02/1991,12012
17/04/2006,8581
17/06/2005,8967
17/11/2005,2375
15/10/2008,9625
22/04/1997,5350
31/05/2011,3391
05/07/1995,9918
10/06/1994,11155
28/10/2009,10912
22/08/1985,8592
27/08/2004,8594
24/08/2010,9272
11/03/1986,2857
25/11/2009,8598
05/09/2006,8600
12/05/2006,4392
30/05/1988,10935
23/02/2011,4440
25/01/2007,8606
25/10/2002,4390
12/12/2002,3956
29/03/1996,8610
21/07/2012,8612
24/06/2010,8614
18/12/1990,8616
15/09/2006,2691
06/05/2008,4313
09/03/2000,8620
05/10/2010,8622
24/10/1980,10986
14/03/2005,6459
23/01/2008,14425
29/05/1996,8627
19/04/2007,12262
25/09/2003,13843
02/03/1988,8631
02/09/1996,14783
06/07/2008,581
09/02/1995,8635
28/09/1995,3406
20/10/1994,8638
28/07/2005,8906
03/04/1996,4574
08/07/1994,8642
13/04/1993,10957
04/08/2004,14249
22/09/1987,10965
04/07/2003,8649
04/05/1983,8651
04/11/2002,7242
18/05/1999,8654
13/07/2011,2120
07/08/1990,11130
22/10/1987,8658
24/08/2012,4777
19/01/1982,8661
21/01/2009,6992
27/01/2006,10156
06/09/1995,6630
21/07/1998,8666
13/11/1974,11590
30/06/2012,8669
26/09/2008,11353
07/10/1999,8673
01/09/1993,8675
13/08/1996,9126
25/05/2010,92
29/12/2008,8679
03/10/1997,7868
15/08/2007,8682
30/01/2012,5128
09/05/2003,11785
28/12/1977,13305
09/04/1999,11982
09/10/2003,8688
10/10/2011,3447
01/08/2001,8691
12/04/1994,2472
25/03/1987,8694
24/03/1981,8696
11/08/2011,10926
01/12/2011,6731
23/02/2006,8700
09/02/1978,11548
22/06/2007,7648
25/07/2011,11641
13/06/2003,8705
28/03/1984,8707
09/04/2001,8709
09/04/1980,8711
09/05/2002,8713
06/04/1994,8715
12/09/2005,3115
30/04/2004,6788
09/12/2010,6448
31/03/2005,15036
12/09/1994,9170
31/07/2009,11008
20/04/2004,8724
18/04/1994,8726
03/06/1994,8728
23/11/2010,4130
20/11/2006,11018
17/08/1992,14789
27/06/2001,8734
16/02/2000,9843
05/05/1971,10703
18/01/1991,4829
06/01/2009,8739
05/03/1992,11263
08/10/1987,9692
18/09/1979,9992
26/02/2008,8744
08/03/1983,14415
30/10/2010,8747
04/10/1988,10976
09/07/2008,1621
27/11/1981,8751
23/07/2001,8753
11/05/1994,11045
30/04/1993,8757
30/10/2001,6400
02/02/2012,10181
04/04/1990,8761
23/09/1999,8763
22/08/1966,3277
21/03/1991,8766
09/10/1974,8768
26/11/1986,8770
02/09/1985,8772
06/10/1993,8774
14/05/1981,8776
18/09/1987,7245
16/06/2008,11653
05/11/1982,1875
14/12/1976,14673
13/11/2006,8782
18/03/1987,15225
14/02/1995,4445
25/09/1991,2065
27/12/1990,8787
05/10/1988,8789
29/09/2010,1066
13/12/2006,8792
20/03/1986,12970
26/05/1992,11085
02/04/1985,9295
24/05/2007,2663
18/09/2012,10816
30/04/1969,11979
02/09/1988,1649
29/05/2001,7585
24/10/1990,8803
10/01/1990,11689
30/01/2004,8806
10/05/1989,8808
06/11/1990,12330
18/07/2001,673
26/04/2011,3307
09/12/1987,9287
31/07/2000,11090
28/03/1996,8816
15/02/1996,8818
31/10/2002,3045
30/07/1990,14355
07/08/1984,8822
29/12/2010,8824
25/07/1978,11105
31/03/2008,10823
03/08/2012,6790
08/11/2002,11310
19/03/1973,10597
